job_id,instance_id,method,n_stations,n_pairs,n_scenarios,seed,max_stops,time_limit_sec,max_routes,status,termination_status,objective_value,lp_objective_value,wall_sec,n_columns,cg_iterations,cg_converged,cg_pricing_exhausted,error_message
1,zhuzhou_n10_p16_s3_seed42_ms4,cg_exact,10,16,3,42,4,1800.0,2000000,exhausted,OPTIMAL,40188.491325390925,40120.87884739613,16.87456512451172,660,13,true,true,
2,zhuzhou_n10_p16_s3_seed42_ms4,enumeration,10,16,3,42,4,1800.0,2000000,exhausted,OPTIMAL,40188.49132539093,,6.671052932739258,2677,,,,
3,zhuzhou_n10_p16_s3_seed43_ms4,cg_exact,10,16,3,43,4,1800.0,2000000,exhausted,OPTIMAL,39585.015721060925,39585.015721060925,17.20978307723999,847,18,true,true,
4,zhuzhou_n10_p16_s3_seed43_ms4,enumeration,10,16,3,43,4,1800.0,2000000,exhausted,OPTIMAL,39585.015721060925,,6.812192916870117,2636,,,,
5,zhuzhou_n10_p16_s3_seed44_ms4,cg_exact,10,16,3,44,4,1800.0,2000000,exhausted,OPTIMAL,41855.517926361776,41855.517926361776,17.847527980804443,756,24,true,true,
6,zhuzhou_n10_p16_s3_seed44_ms4,enumeration,10,16,3,44,4,1800.0,2000000,exhausted,OPTIMAL,41855.51792636177,,7.87277889251709,3294,,,,
7,zhuzhou_n10_p16_s3_seed45_ms4,cg_exact,10,16,3,45,4,1800.0,2000000,exhausted,OPTIMAL,49037.88872906758,49037.88872906758,16.553442001342773,939,8,true,true,
8,zhuzhou_n10_p16_s3_seed45_ms4,enumeration,10,16,3,45,4,1800.0,2000000,exhausted,OPTIMAL,49037.88872906758,,6.373010873794556,2913,,,,
9,zhuzhou_n10_p16_s3_seed46_ms4,cg_exact,10,16,3,46,4,1800.0,2000000,exhausted,OPTIMAL,44407.892878644285,44407.892878644285,17.49667716026306,1126,8,true,true,
10,zhuzhou_n10_p16_s3_seed46_ms4,enumeration,10,16,3,46,4,1800.0,2000000,exhausted,OPTIMAL,44407.89287864428,,7.26099705696106,2945,,,,
11,zhuzhou_n10_p16_s3_seed47_ms4,cg_exact,10,16,3,47,4,1800.0,2000000,exhausted,OPTIMAL,43797.45743887366,43797.45743887366,16.87457299232483,690,20,true,true,
12,zhuzhou_n10_p16_s3_seed47_ms4,enumeration,10,16,3,47,4,1800.0,2000000,exhausted,OPTIMAL,43797.45743887367,,7.331926107406616,4341,,,,
13,zhuzhou_n10_p16_s3_seed48_ms4,cg_exact,10,16,3,48,4,1800.0,2000000,exhausted,OPTIMAL,48885.74319592428,48864.85214598308,17.611003875732422,1203,23,true,true,
14,zhuzhou_n10_p16_s3_seed48_ms4,enumeration,10,16,3,48,4,1800.0,2000000,exhausted,OPTIMAL,48885.74319592428,,6.8977210521698,3771,,,,
15,zhuzhou_n10_p16_s3_seed49_ms4,cg_exact,10,16,3,49,4,1800.0,2000000,exhausted,OPTIMAL,53395.7213063166,53395.721306316605,16.709257125854492,1241,13,true,true,
16,zhuzhou_n10_p16_s3_seed49_ms4,enumeration,10,16,3,49,4,1800.0,2000000,exhausted,OPTIMAL,53395.721306316605,,9.260987997055054,4246,,,,
17,zhuzhou_n10_p16_s3_seed50_ms4,cg_exact,10,16,3,50,4,1800.0,2000000,exhausted,OPTIMAL,38131.120068363554,38131.120068363554,15.966191053390503,395,23,true,true,
18,zhuzhou_n10_p16_s3_seed50_ms4,enumeration,10,16,3,50,4,1800.0,2000000,exhausted,OPTIMAL,38131.120068363554,,6.0939929485321045,2680,,,,
19,zhuzhou_n10_p16_s3_seed51_ms4,cg_exact,10,16,3,51,4,1800.0,2000000,exhausted,OPTIMAL,45353.68994166699,45353.689941667,16.372516870498657,622,41,true,true,
20,zhuzhou_n10_p16_s3_seed51_ms4,enumeration,10,16,3,51,4,1800.0,2000000,exhausted,OPTIMAL,45353.68994166699,,6.426285028457642,3294,,,,
21,zhuzhou_n15_p16_s3_seed42_ms4,cg_exact,15,16,3,42,4,1800.0,2000000,exhausted,OPTIMAL,36065.54637247976,36065.54637247976,19.771778106689453,2125,28,true,true,
22,zhuzhou_n15_p16_s3_seed42_ms4,enumeration,15,16,3,42,4,1800.0,2000000,exhausted,OPTIMAL,36065.54637247975,,10.301337003707886,16846,,,,
23,zhuzhou_n15_p16_s3_seed43_ms4,cg_exact,15,16,3,43,4,1800.0,2000000,exhausted,OPTIMAL,35735.3855320925,35735.3855320925,20.654778957366943,1931,30,true,true,
24,zhuzhou_n15_p16_s3_seed43_ms4,enumeration,15,16,3,43,4,1800.0,2000000,exhausted,OPTIMAL,35735.385532092485,,18.25323510169983,15433,,,,
25,zhuzhou_n15_p16_s3_seed44_ms4,cg_exact,15,16,3,44,4,1800.0,2000000,exhausted,OPTIMAL,34143.80644220601,34143.80644220601,17.731660842895508,4013,22,true,true,
26,zhuzhou_n15_p16_s3_seed44_ms4,enumeration,15,16,3,44,4,1800.0,2000000,exhausted,OPTIMAL,34143.805181572214,,12.116782903671265,20966,,,,
27,zhuzhou_n15_p16_s3_seed45_ms4,cg_exact,15,16,3,45,4,1800.0,2000000,exhausted,OPTIMAL,33756.97527809645,33756.97527809644,18.689466953277588,3079,11,true,true,
28,zhuzhou_n15_p16_s3_seed45_ms4,enumeration,15,16,3,45,4,1800.0,2000000,exhausted,OPTIMAL,33756.97527809643,,15.60935115814209,17761,,,,
29,zhuzhou_n15_p16_s3_seed46_ms4,cg_exact,15,16,3,46,4,1800.0,2000000,exhausted,OPTIMAL,39931.981549362245,39931.981549362245,36.1023690700531,3514,34,true,true,
30,zhuzhou_n15_p16_s3_seed46_ms4,enumeration,15,16,3,46,4,1800.0,2000000,exhausted,OPTIMAL,39931.981549362245,,27.554661989212036,25644,,,,
31,zhuzhou_n15_p16_s3_seed47_ms4,cg_exact,15,16,3,47,4,1800.0,2000000,exhausted,OPTIMAL,34534.6981833458,34534.6981833458,35.26156401634216,4793,51,true,true,
32,zhuzhou_n15_p16_s3_seed47_ms4,enumeration,15,16,3,47,4,1800.0,2000000,exhausted,OPTIMAL,34534.6981833458,,9.003605127334595,14362,,,,
33,zhuzhou_n15_p16_s3_seed48_ms4,cg_exact,15,16,3,48,4,1800.0,2000000,exhausted,OPTIMAL,34621.994288677684,34621.994288677684,27.092705011367798,3093,43,true,true,
34,zhuzhou_n15_p16_s3_seed48_ms4,enumeration,15,16,3,48,4,1800.0,2000000,exhausted,OPTIMAL,34621.994288677684,,16.662200212478638,21984,,,,
35,zhuzhou_n15_p16_s3_seed49_ms4,cg_exact,15,16,3,49,4,1800.0,2000000,exhausted,OPTIMAL,31936.464502906245,31936.464502906245,19.788986206054688,2438,19,true,true,
36,zhuzhou_n15_p16_s3_seed49_ms4,enumeration,15,16,3,49,4,1800.0,2000000,exhausted,OPTIMAL,31936.464502906238,,12.414348840713501,18858,,,,
37,zhuzhou_n15_p16_s3_seed50_ms4,cg_exact,15,16,3,50,4,1800.0,2000000,exhausted,OPTIMAL,36354.06188053493,36354.06188053494,20.2520489692688,723,18,true,true,
38,zhuzhou_n15_p16_s3_seed50_ms4,enumeration,15,16,3,50,4,1800.0,2000000,exhausted,OPTIMAL,36354.06188053493,,18.05461812019348,19643,,,,
39,zhuzhou_n15_p16_s3_seed51_ms4,cg_exact,15,16,3,51,4,1800.0,2000000,exhausted,OPTIMAL,35309.707528526575,35309.707528526575,20.931046962738037,3141,25,true,true,
40,zhuzhou_n15_p16_s3_seed51_ms4,enumeration,15,16,3,51,4,1800.0,2000000,exhausted,OPTIMAL,35309.707528526575,,19.58187198638916,26956,,,,
41,zhuzhou_n20_p16_s3_seed42_ms4,cg_exact,20,16,3,42,4,1800.0,2000000,exhausted,OPTIMAL,34123.29577477368,34123.29577477369,44.602850914001465,4844,18,true,true,
42,zhuzhou_n20_p16_s3_seed42_ms4,enumeration,20,16,3,42,4,1800.0,2000000,exhausted,OPTIMAL,34123.2910373567,,160.60276794433594,76513,,,,
43,zhuzhou_n20_p16_s3_seed43_ms4,cg_exact,20,16,3,43,4,1800.0,2000000,exhausted,OPTIMAL,32265.165414145526,32265.165414145526,37.42274308204651,7292,10,true,true,
44,zhuzhou_n20_p16_s3_seed43_ms4,enumeration,20,16,3,43,4,1800.0,2000000,exhausted,OPTIMAL,32265.161103999486,,91.67783999443054,77197,,,,
45,zhuzhou_n20_p16_s3_seed44_ms4,cg_exact,20,16,3,44,4,1800.0,2000000,exhausted,OPTIMAL,31315.148144230654,31315.148144230654,27.053713083267212,5734,15,true,true,
46,zhuzhou_n20_p16_s3_seed44_ms4,enumeration,20,16,3,44,4,1800.0,2000000,exhausted,OPTIMAL,31315.147687009994,,76.37520694732666,76067,,,,
47,zhuzhou_n20_p16_s3_seed45_ms4,cg_exact,20,16,3,45,4,1800.0,2000000,exhausted,OPTIMAL,36210.94305396215,36210.94305396216,28.785369157791138,6685,11,true,true,
48,zhuzhou_n20_p16_s3_seed45_ms4,enumeration,20,16,3,45,4,1800.0,2000000,missing_result,,,,,,,,,
49,zhuzhou_n20_p16_s3_seed46_ms4,cg_exact,20,16,3,46,4,1800.0,2000000,exhausted,OPTIMAL,31451.406461003466,31451.406461003466,39.59122586250305,7090,15,true,true,
50,zhuzhou_n20_p16_s3_seed46_ms4,enumeration,20,16,3,46,4,1800.0,2000000,exhausted,OPTIMAL,31451.406461003462,,131.11312985420227,86711,,,,
51,zhuzhou_n20_p16_s3_seed47_ms4,cg_exact,20,16,3,47,4,1800.0,2000000,exhausted,OPTIMAL,31937.47776450804,31937.47776450804,41.1849479675293,3730,22,true,true,
52,zhuzhou_n20_p16_s3_seed47_ms4,enumeration,20,16,3,47,4,1800.0,2000000,exhausted,OPTIMAL,31937.477764508032,,91.22085905075073,65906,,,,
53,zhuzhou_n20_p16_s3_seed48_ms4,cg_exact,20,16,3,48,4,1800.0,2000000,exhausted,OPTIMAL,29400.637714141347,29400.637714141347,27.481770038604736,5528,14,true,true,
54,zhuzhou_n20_p16_s3_seed48_ms4,enumeration,20,16,3,48,4,1800.0,2000000,exhausted,OPTIMAL,29400.637714141343,,86.74958181381226,72840,,,,
55,zhuzhou_n20_p16_s3_seed49_ms4,cg_exact,20,16,3,49,4,1800.0,2000000,exhausted,OPTIMAL,29484.95370095549,29484.953700955495,40.123209953308105,4916,28,true,true,
56,zhuzhou_n20_p16_s3_seed49_ms4,enumeration,20,16,3,49,4,1800.0,2000000,exhausted,OPTIMAL,29484.95370095549,,72.39140486717224,53489,,,,
57,zhuzhou_n20_p16_s3_seed50_ms4,cg_exact,20,16,3,50,4,1800.0,2000000,exhausted,OPTIMAL,35651.9356543304,35651.9356543304,26.164693117141724,3891,8,true,true,
58,zhuzhou_n20_p16_s3_seed50_ms4,enumeration,20,16,3,50,4,1800.0,2000000,exhausted,OPTIMAL,35651.935654330395,,66.4618091583252,73451,,,,
59,zhuzhou_n20_p16_s3_seed51_ms4,cg_exact,20,16,3,51,4,1800.0,2000000,exhausted,OPTIMAL,27547.637609637528,27547.637609637528,29.946906089782715,2903,20,true,true,
60,zhuzhou_n20_p16_s3_seed51_ms4,enumeration,20,16,3,51,4,1800.0,2000000,exhausted,OPTIMAL,27547.63760963752,,67.88261699676514,68899,,,,
