instance_id,n_stations,n_pairs,n_scenarios,seed,max_stops,cg_status,cg_objective,cg_wall_sec,cg_n_columns,enum_status,enum_objective,enum_wall_sec,enum_n_columns,both_exhausted,objective_delta,objective_match,runtime_ratio_enum_over_cg
zhuzhou_n10_p16_s3_seed42_ms4,10,16,3,42,4,exhausted,40188.491325390925,16.87456512451172,660,exhausted,40188.49132539093,6.671052932739258,2677,true,-7.275957614183426e-12,true,0.3953318431328932
zhuzhou_n10_p16_s3_seed43_ms4,10,16,3,43,4,exhausted,39585.015721060925,17.20978307723999,847,exhausted,39585.015721060925,6.812192916870117,2636,true,0.0,true,0.39583258465815707
zhuzhou_n10_p16_s3_seed44_ms4,10,16,3,44,4,exhausted,41855.517926361776,17.847527980804443,756,exhausted,41855.51792636177,7.87277889251709,3294,true,7.275957614183426e-12,true,0.44111312787880214
zhuzhou_n10_p16_s3_seed45_ms4,10,16,3,45,4,exhausted,49037.88872906758,16.553442001342773,939,exhausted,49037.88872906758,6.373010873794556,2913,true,0.0,true,0.384996115809485
zhuzhou_n10_p16_s3_seed46_ms4,10,16,3,46,4,exhausted,44407.892878644285,17.49667716026306,1126,exhausted,44407.89287864428,7.26099705696106,2945,true,7.275957614183426e-12,true,0.41499291496625473
zhuzhou_n10_p16_s3_seed47_ms4,10,16,3,47,4,exhausted,43797.45743887366,16.87457299232483,690,exhausted,43797.45743887367,7.331926107406616,4341,true,-1.4551915228366852e-11,true,0.4344955046116689
zhuzhou_n10_p16_s3_seed48_ms4,10,16,3,48,4,exhausted,48885.74319592428,17.611003875732422,1203,exhausted,48885.74319592428,6.8977210521698,3771,true,0.0,true,0.39167108819246294
zhuzhou_n10_p16_s3_seed49_ms4,10,16,3,49,4,exhausted,53395.7213063166,16.709257125854492,1241,exhausted,53395.721306316605,9.260987997055054,4246,true,-7.275957614183426e-12,true,0.5542429521133757
zhuzhou_n10_p16_s3_seed50_ms4,10,16,3,50,4,exhausted,38131.120068363554,15.966191053390503,395,exhausted,38131.120068363554,6.0939929485321045,2680,true,0.0,true,0.3816810739739967
zhuzhou_n10_p16_s3_seed51_ms4,10,16,3,51,4,exhausted,45353.68994166699,16.372516870498657,622,exhausted,45353.68994166699,6.426285028457642,3294,true,0.0,true,0.39250440718965135
zhuzhou_n15_p16_s3_seed42_ms4,15,16,3,42,4,exhausted,36065.54637247976,19.771778106689453,2125,exhausted,36065.54637247975,10.301337003707886,16846,true,7.275957614183426e-12,true,0.5210121693719898
zhuzhou_n15_p16_s3_seed43_ms4,15,16,3,43,4,exhausted,35735.3855320925,20.654778957366943,1931,exhausted,35735.385532092485,18.25323510169983,15433,true,1.4551915228366852e-11,true,0.883729384825464
zhuzhou_n15_p16_s3_seed44_ms4,15,16,3,44,4,exhausted,34143.80644220601,17.731660842895508,4013,exhausted,34143.805181572214,12.116782903671265,20966,true,0.001260633798665367,false,0.6833416796670833
zhuzhou_n15_p16_s3_seed45_ms4,15,16,3,45,4,exhausted,33756.97527809645,18.689466953277588,3079,exhausted,33756.97527809643,15.60935115814209,17761,true,1.4551915228366852e-11,true,0.8351950966372887
zhuzhou_n15_p16_s3_seed46_ms4,15,16,3,46,4,exhausted,39931.981549362245,36.1023690700531,3514,exhausted,39931.981549362245,27.554661989212036,25644,true,0.0,true,0.7632369481278339
zhuzhou_n15_p16_s3_seed47_ms4,15,16,3,47,4,exhausted,34534.6981833458,35.26156401634216,4793,exhausted,34534.6981833458,9.003605127334595,14362,true,0.0,true,0.2553376566950299
zhuzhou_n15_p16_s3_seed48_ms4,15,16,3,48,4,exhausted,34621.994288677684,27.092705011367798,3093,exhausted,34621.994288677684,16.662200212478638,21984,true,0.0,true,0.6150068885881776
zhuzhou_n15_p16_s3_seed49_ms4,15,16,3,49,4,exhausted,31936.464502906245,19.788986206054688,2438,exhausted,31936.464502906238,12.414348840713501,18858,true,7.275957614183426e-12,true,0.6273362723814107
zhuzhou_n15_p16_s3_seed50_ms4,15,16,3,50,4,exhausted,36354.06188053493,20.2520489692688,723,exhausted,36354.06188053493,18.05461812019348,19643,true,0.0,true,0.8914958751872574
zhuzhou_n15_p16_s3_seed51_ms4,15,16,3,51,4,exhausted,35309.707528526575,20.931046962738037,3141,exhausted,35309.707528526575,19.58187198638916,26956,true,0.0,true,0.9355419258888142
zhuzhou_n20_p16_s3_seed42_ms4,20,16,3,42,4,exhausted,34123.29577477368,44.602850914001465,4844,exhausted,34123.2910373567,160.60276794433594,76513,true,0.004737416980788112,false,3.600728757316283
zhuzhou_n20_p16_s3_seed43_ms4,20,16,3,43,4,exhausted,32265.165414145526,37.42274308204651,7292,exhausted,32265.161103999486,91.67783999443054,77197,true,0.004310146039642859,false,2.449789417986647
zhuzhou_n20_p16_s3_seed44_ms4,20,16,3,44,4,exhausted,31315.148144230654,27.053713083267212,5734,exhausted,31315.147687009994,76.37520694732666,76067,true,0.0004572206598822959,false,2.8230951778136846
zhuzhou_n20_p16_s3_seed45_ms4,20,16,3,45,4,exhausted,36210.94305396215,28.785369157791138,6685,missing_result,,,,false,,false,
zhuzhou_n20_p16_s3_seed46_ms4,20,16,3,46,4,exhausted,31451.406461003466,39.59122586250305,7090,exhausted,31451.406461003462,131.11312985420227,86711,true,3.637978807091713e-12,true,3.3116713867245986
zhuzhou_n20_p16_s3_seed47_ms4,20,16,3,47,4,exhausted,31937.47776450804,41.1849479675293,3730,exhausted,31937.477764508032,91.22085905075073,65906,true,7.275957614183426e-12,true,2.2149077163499236
zhuzhou_n20_p16_s3_seed48_ms4,20,16,3,48,4,exhausted,29400.637714141347,27.481770038604736,5528,exhausted,29400.637714141343,86.74958181381226,72840,true,3.637978807091713e-12,true,3.156622797292593
zhuzhou_n20_p16_s3_seed49_ms4,20,16,3,49,4,exhausted,29484.95370095549,40.123209953308105,4916,exhausted,29484.95370095549,72.39140486717224,53489,true,0.0,true,1.8042276515616533
zhuzhou_n20_p16_s3_seed50_ms4,20,16,3,50,4,exhausted,35651.9356543304,26.164693117141724,3891,exhausted,35651.935654330395,66.4618091583252,73451,true,7.275957614183426e-12,true,2.540133333908011
zhuzhou_n20_p16_s3_seed51_ms4,20,16,3,51,4,exhausted,27547.637609637528,29.946906089782715,2903,exhausted,27547.63760963752,67.88261699676514,68899,true,7.275957614183426e-12,true,2.2667656148935307
