job_id,instance_id,pricing_mode,n_stations,n_pairs,n_scenarios,seed,k,max_stops,iteration,master_sec,pricing_sec,add_columns_sec,columns_added,columns_accepted,cumulative_columns_added,master_objective,master_status
2,zhuzhou_n10_p8_sc1_seed42_ms10,darp,10,8,1,42,5,10,1,0.05889391899108887,6.328474998474121,0.08219408988952637,49,49,49,15803.000938701267,OPTIMAL
2,zhuzhou_n10_p8_sc1_seed42_ms10,darp,10,8,1,42,5,10,2,0.0004088878631591797,1800.0603728294373,0.0,0,0,49,15803.000938701267,OPTIMAL
1,zhuzhou_n10_p8_sc1_seed42_ms10,exact,10,8,1,42,5,10,1,0.03973507881164551,4.87446403503418,0.06828093528747559,19,19,19,15803.000938701267,OPTIMAL
1,zhuzhou_n10_p8_sc1_seed42_ms10,exact,10,8,1,42,5,10,2,0.0003199577331542969,0.3403511047363281,0.1636638641357422,26,26,45,15803.000938701267,OPTIMAL
1,zhuzhou_n10_p8_sc1_seed42_ms10,exact,10,8,1,42,5,10,3,0.0003681182861328125,0.1519169807434082,0.0,0,0,45,12249.400938701267,OPTIMAL
4,zhuzhou_n10_p8_sc1_seed43_ms10,darp,10,8,1,43,5,10,1,0.03253483772277832,3.2753307819366455,0.00017118453979492188,7,7,7,8958.928834225124,OPTIMAL
4,zhuzhou_n10_p8_sc1_seed43_ms10,darp,10,8,1,43,5,10,2,0.0002808570861816406,0.6843810081481934,0.007220029830932617,2,2,9,8958.928834225124,OPTIMAL
4,zhuzhou_n10_p8_sc1_seed43_ms10,darp,10,8,1,43,5,10,3,0.00028395652770996094,1.2079999446868896,8.511543273925781e-5,1,1,10,8958.928834225124,OPTIMAL
4,zhuzhou_n10_p8_sc1_seed43_ms10,darp,10,8,1,43,5,10,4,0.0004069805145263672,3.6601388454437256,0.00010609626770019531,1,1,11,8958.928834225124,OPTIMAL
4,zhuzhou_n10_p8_sc1_seed43_ms10,darp,10,8,1,43,5,10,5,0.0003039836883544922,33.02901291847229,0.11268281936645508,4,4,15,8958.928834225124,OPTIMAL
4,zhuzhou_n10_p8_sc1_seed43_ms10,darp,10,8,1,43,5,10,6,0.0003631114959716797,0.40205883979797363,0.0,0,0,15,8758.928834225124,OPTIMAL
3,zhuzhou_n10_p8_sc1_seed43_ms10,exact,10,8,1,43,5,10,1,0.03537893295288086,3.9424240589141846,0.00019502639770507812,5,5,5,8958.928834225124,OPTIMAL
3,zhuzhou_n10_p8_sc1_seed43_ms10,exact,10,8,1,43,5,10,2,0.00034499168395996094,0.004725933074951172,0.010165929794311523,2,2,7,8958.928834225124,OPTIMAL
3,zhuzhou_n10_p8_sc1_seed43_ms10,exact,10,8,1,43,5,10,3,0.00028705596923828125,0.011365175247192383,8.296966552734375e-5,1,1,8,8958.928834225124,OPTIMAL
3,zhuzhou_n10_p8_sc1_seed43_ms10,exact,10,8,1,43,5,10,4,0.0003039836883544922,0.004525899887084961,7.295608520507812e-5,1,1,9,8958.928834225124,OPTIMAL
3,zhuzhou_n10_p8_sc1_seed43_ms10,exact,10,8,1,43,5,10,5,0.00023603439331054688,0.14254021644592285,0.06180000305175781,1,1,10,8958.928834225124,OPTIMAL
3,zhuzhou_n10_p8_sc1_seed43_ms10,exact,10,8,1,43,5,10,6,0.0002601146697998047,0.07477784156799316,0.0,0,0,10,8758.928834225124,OPTIMAL
6,zhuzhou_n10_p8_sc1_seed44_ms10,darp,10,8,1,44,5,10,1,0.0300750732421875,2.9910809993743896,0.061248064041137695,3,3,3,9077.88230849912,OPTIMAL
6,zhuzhou_n10_p8_sc1_seed44_ms10,darp,10,8,1,44,5,10,2,0.0002560615539550781,0.5042059421539307,0.05117297172546387,5,5,8,9077.88230849912,OPTIMAL
6,zhuzhou_n10_p8_sc1_seed44_ms10,darp,10,8,1,44,5,10,3,0.0002799034118652344,2.0118558406829834,8.0108642578125e-5,2,2,10,9077.88230849912,OPTIMAL
6,zhuzhou_n10_p8_sc1_seed44_ms10,darp,10,8,1,44,5,10,4,0.0002560615539550781,1.5356090068817139,8.392333984375e-5,2,2,12,9077.88230849912,OPTIMAL
6,zhuzhou_n10_p8_sc1_seed44_ms10,darp,10,8,1,44,5,10,5,0.00022602081298828125,62.272944927215576,0.0001049041748046875,1,1,13,9077.88230849912,OPTIMAL
6,zhuzhou_n10_p8_sc1_seed44_ms10,darp,10,8,1,44,5,10,6,0.0002868175506591797,80.79558277130127,0.00010704994201660156,1,1,14,9077.88230849912,OPTIMAL
6,zhuzhou_n10_p8_sc1_seed44_ms10,darp,10,8,1,44,5,10,7,0.0003800392150878906,81.84600806236267,0.00011587142944335938,1,1,15,9077.88230849912,OPTIMAL
6,zhuzhou_n10_p8_sc1_seed44_ms10,darp,10,8,1,44,5,10,8,0.0003669261932373047,1.5803191661834717,0.013141870498657227,4,4,19,9077.88230849912,OPTIMAL
6,zhuzhou_n10_p8_sc1_seed44_ms10,darp,10,8,1,44,5,10,9,0.0002338886260986328,105.59064507484436,0.05530190467834473,1,1,20,9077.88230849912,OPTIMAL
6,zhuzhou_n10_p8_sc1_seed44_ms10,darp,10,8,1,44,5,10,10,0.0003039836883544922,18.470049142837524,0.0,0,0,20,8877.88230849912,OPTIMAL
5,zhuzhou_n10_p8_sc1_seed44_ms10,exact,10,8,1,44,5,10,1,0.03172707557678223,3.268409013748169,0.058207035064697266,3,3,3,9077.88230849912,OPTIMAL
5,zhuzhou_n10_p8_sc1_seed44_ms10,exact,10,8,1,44,5,10,2,0.0002598762512207031,0.15074801445007324,0.05232405662536621,3,3,6,9077.88230849912,OPTIMAL
5,zhuzhou_n10_p8_sc1_seed44_ms10,exact,10,8,1,44,5,10,3,0.00025010108947753906,0.05509781837463379,0.00010609626770019531,2,2,8,9077.88230849912,OPTIMAL
5,zhuzhou_n10_p8_sc1_seed44_ms10,exact,10,8,1,44,5,10,4,0.00025200843811035156,0.07540392875671387,8.296966552734375e-5,2,2,10,9077.88230849912,OPTIMAL
5,zhuzhou_n10_p8_sc1_seed44_ms10,exact,10,8,1,44,5,10,5,0.00022292137145996094,0.006000995635986328,4.100799560546875e-5,1,1,11,9077.88230849912,OPTIMAL
5,zhuzhou_n10_p8_sc1_seed44_ms10,exact,10,8,1,44,5,10,6,0.0002040863037109375,0.0059680938720703125,3.981590270996094e-5,1,1,12,9077.88230849912,OPTIMAL
5,zhuzhou_n10_p8_sc1_seed44_ms10,exact,10,8,1,44,5,10,7,0.00021505355834960938,0.005934000015258789,3.3855438232421875e-5,1,1,13,9077.88230849912,OPTIMAL
5,zhuzhou_n10_p8_sc1_seed44_ms10,exact,10,8,1,44,5,10,8,0.00020599365234375,0.005699872970581055,4.100799560546875e-5,2,2,15,9077.88230849912,OPTIMAL
5,zhuzhou_n10_p8_sc1_seed44_ms10,exact,10,8,1,44,5,10,9,0.00015997886657714844,0.15380215644836426,0.05574679374694824,1,1,16,9077.88230849912,OPTIMAL
5,zhuzhou_n10_p8_sc1_seed44_ms10,exact,10,8,1,44,5,10,10,0.00024390220642089844,0.04049205780029297,0.0,0,0,16,8877.88230849912,OPTIMAL
8,zhuzhou_n10_p8_sc1_seed45_ms10,darp,10,8,1,45,5,10,1,0.030837059020996094,2.807232141494751,0.00010991096496582031,1,1,1,8398.668919715145,OPTIMAL
8,zhuzhou_n10_p8_sc1_seed45_ms10,darp,10,8,1,45,5,10,2,0.0002651214599609375,0.9248321056365967,0.0,0,0,1,8398.668919715145,OPTIMAL
7,zhuzhou_n10_p8_sc1_seed45_ms10,exact,10,8,1,45,5,10,1,0.03165102005004883,3.2833669185638428,7.510185241699219e-5,1,1,1,8398.668919715145,OPTIMAL
7,zhuzhou_n10_p8_sc1_seed45_ms10,exact,10,8,1,45,5,10,2,0.00026679039001464844,0.007008075714111328,0.0,0,0,1,8398.668919715145,OPTIMAL
10,zhuzhou_n10_p8_sc1_seed46_ms10,darp,10,8,1,46,5,10,1,0.03903603553771973,4.037961959838867,0.06661701202392578,8,8,8,8962.76018047941,OPTIMAL
10,zhuzhou_n10_p8_sc1_seed46_ms10,darp,10,8,1,46,5,10,2,0.0002949237823486328,1.523447036743164,0.08680295944213867,5,5,13,8962.76018047941,OPTIMAL
10,zhuzhou_n10_p8_sc1_seed46_ms10,darp,10,8,1,46,5,10,3,0.0002880096435546875,18.860830068588257,0.00016188621520996094,5,5,18,8962.76018047941,OPTIMAL
10,zhuzhou_n10_p8_sc1_seed46_ms10,darp,10,8,1,46,5,10,4,0.00036907196044921875,324.9742479324341,0.0001850128173828125,1,1,19,8962.76018047941,OPTIMAL
10,zhuzhou_n10_p8_sc1_seed46_ms10,darp,10,8,1,46,5,10,5,0.0007610321044921875,966.9141659736633,0.0002529621124267578,4,4,23,8962.76018047941,OPTIMAL
10,zhuzhou_n10_p8_sc1_seed46_ms10,darp,10,8,1,46,5,10,6,0.0004010200500488281,1800.0009729862213,0.0,0,0,23,8962.76018047941,OPTIMAL
9,zhuzhou_n10_p8_sc1_seed46_ms10,exact,10,8,1,46,5,10,1,0.037409067153930664,4.35180401802063,0.06317687034606934,5,5,5,8962.76018047941,OPTIMAL
9,zhuzhou_n10_p8_sc1_seed46_ms10,exact,10,8,1,46,5,10,2,0.00029587745666503906,0.1813969612121582,0.06915402412414551,3,3,8,8962.76018047941,OPTIMAL
9,zhuzhou_n10_p8_sc1_seed46_ms10,exact,10,8,1,46,5,10,3,0.00028514862060546875,0.13321709632873535,9.989738464355469e-5,2,2,10,8962.76018047941,OPTIMAL
9,zhuzhou_n10_p8_sc1_seed46_ms10,exact,10,8,1,46,5,10,4,0.0002849102020263672,0.006349086761474609,6.103515625e-5,2,2,12,8962.76018047941,OPTIMAL
9,zhuzhou_n10_p8_sc1_seed46_ms10,exact,10,8,1,46,5,10,5,0.0002238750457763672,0.007033109664916992,0.012132883071899414,2,2,14,8962.76018047941,OPTIMAL
9,zhuzhou_n10_p8_sc1_seed46_ms10,exact,10,8,1,46,5,10,6,0.0002899169921875,0.029302120208740234,6.103515625e-5,1,1,15,8962.76018047941,OPTIMAL
9,zhuzhou_n10_p8_sc1_seed46_ms10,exact,10,8,1,46,5,10,7,0.00022602081298828125,0.006354093551635742,4.291534423828125e-5,1,1,16,8962.76018047941,OPTIMAL
9,zhuzhou_n10_p8_sc1_seed46_ms10,exact,10,8,1,46,5,10,8,0.00023484230041503906,0.005941152572631836,3.886222839355469e-5,2,2,18,8962.76018047941,OPTIMAL
9,zhuzhou_n10_p8_sc1_seed46_ms10,exact,10,8,1,46,5,10,9,0.00016999244689941406,0.006061077117919922,2.4080276489257812e-5,1,1,19,8962.76018047941,OPTIMAL
9,zhuzhou_n10_p8_sc1_seed46_ms10,exact,10,8,1,46,5,10,10,0.0002231597900390625,0.005959033966064453,3.0040740966796875e-5,1,1,20,8962.76018047941,OPTIMAL
9,zhuzhou_n10_p8_sc1_seed46_ms10,exact,10,8,1,46,5,10,11,0.00021219253540039062,0.15120816230773926,0.08335185050964355,1,1,21,8962.76018047941,OPTIMAL
9,zhuzhou_n10_p8_sc1_seed46_ms10,exact,10,8,1,46,5,10,12,0.0002758502960205078,0.05676078796386719,0.0,0,0,21,8762.76018047941,OPTIMAL
12,zhuzhou_n10_p8_sc1_seed47_ms10,darp,10,8,1,47,5,10,1,0.03124213218688965,3.1513009071350098,0.00019502639770507812,3,3,3,8928.150870466829,OPTIMAL
12,zhuzhou_n10_p8_sc1_seed47_ms10,darp,10,8,1,47,5,10,2,0.00029087066650390625,1.5778322219848633,0.00010395050048828125,1,1,4,8928.150870466829,OPTIMAL
12,zhuzhou_n10_p8_sc1_seed47_ms10,darp,10,8,1,47,5,10,3,0.0002770423889160156,0.7020189762115479,0.00015306472778320312,1,1,5,8928.150870466829,OPTIMAL
12,zhuzhou_n10_p8_sc1_seed47_ms10,darp,10,8,1,47,5,10,4,0.0004029273986816406,2.328758955001831,0.047760963439941406,1,1,6,8928.150870466829,OPTIMAL
12,zhuzhou_n10_p8_sc1_seed47_ms10,darp,10,8,1,47,5,10,5,0.0002799034118652344,11.421074867248535,0.0006680488586425781,1,1,7,8928.150870466829,OPTIMAL
12,zhuzhou_n10_p8_sc1_seed47_ms10,darp,10,8,1,47,5,10,6,0.0006659030914306641,23.407862186431885,0.00015807151794433594,1,1,8,8928.150870466829,OPTIMAL
12,zhuzhou_n10_p8_sc1_seed47_ms10,darp,10,8,1,47,5,10,7,0.0003521442413330078,40.3463020324707,0.005616903305053711,1,1,9,8928.150870466829,OPTIMAL
12,zhuzhou_n10_p8_sc1_seed47_ms10,darp,10,8,1,47,5,10,8,0.0003681182861328125,73.19498896598816,0.05723404884338379,1,1,10,8928.150870466829,OPTIMAL
12,zhuzhou_n10_p8_sc1_seed47_ms10,darp,10,8,1,47,5,10,9,0.0003387928009033203,0.4348940849304199,0.0,0,0,10,8728.150870466829,OPTIMAL
11,zhuzhou_n10_p8_sc1_seed47_ms10,exact,10,8,1,47,5,10,1,0.02952289581298828,3.2231650352478027,0.00014901161193847656,3,3,3,8928.150870466829,OPTIMAL
11,zhuzhou_n10_p8_sc1_seed47_ms10,exact,10,8,1,47,5,10,2,0.0002961158752441406,0.09079980850219727,7.104873657226562e-5,1,1,4,8928.150870466829,OPTIMAL
11,zhuzhou_n10_p8_sc1_seed47_ms10,exact,10,8,1,47,5,10,3,0.0002510547637939453,0.005193948745727539,3.695487976074219e-5,1,1,5,8928.150870466829,OPTIMAL
11,zhuzhou_n10_p8_sc1_seed47_ms10,exact,10,8,1,47,5,10,4,0.00018215179443359375,0.09938192367553711,0.04508614540100098,1,1,6,8928.150870466829,OPTIMAL
11,zhuzhou_n10_p8_sc1_seed47_ms10,exact,10,8,1,47,5,10,5,0.00023698806762695312,0.030673980712890625,0.0002589225769042969,1,1,7,8928.150870466829,OPTIMAL
11,zhuzhou_n10_p8_sc1_seed47_ms10,exact,10,8,1,47,5,10,6,0.00018715858459472656,0.005362033843994141,2.7894973754882812e-5,1,1,8,8928.150870466829,OPTIMAL
11,zhuzhou_n10_p8_sc1_seed47_ms10,exact,10,8,1,47,5,10,7,0.00015282630920410156,0.005561113357543945,0.004087924957275391,1,1,9,8928.150870466829,OPTIMAL
11,zhuzhou_n10_p8_sc1_seed47_ms10,exact,10,8,1,47,5,10,8,0.00019097328186035156,0.10677003860473633,0.05262279510498047,1,1,10,8928.150870466829,OPTIMAL
11,zhuzhou_n10_p8_sc1_seed47_ms10,exact,10,8,1,47,5,10,9,0.00019311904907226562,0.07202696800231934,0.0,0,0,10,8728.150870466829,OPTIMAL
14,zhuzhou_n10_p8_sc1_seed48_ms10,darp,10,8,1,48,5,10,1,0.031247854232788086,3.5537052154541016,0.1060178279876709,37,37,37,15858.207634220751,OPTIMAL
14,zhuzhou_n10_p8_sc1_seed48_ms10,darp,10,8,1,48,5,10,2,0.0002720355987548828,1800.0947270393372,0.0,0,0,37,15858.207634220751,OPTIMAL
13,zhuzhou_n10_p8_sc1_seed48_ms10,exact,10,8,1,48,5,10,1,0.030642032623291016,3.6080751419067383,0.11254501342773438,22,22,22,15858.207634220751,OPTIMAL
13,zhuzhou_n10_p8_sc1_seed48_ms10,exact,10,8,1,48,5,10,2,0.00026988983154296875,0.31685400009155273,0.1312110424041748,24,24,46,15858.207634220751,OPTIMAL
13,zhuzhou_n10_p8_sc1_seed48_ms10,exact,10,8,1,48,5,10,3,0.0002999305725097656,0.10760712623596191,0.0,0,0,46,12304.607634220749,OPTIMAL
16,zhuzhou_n10_p8_sc1_seed49_ms10,darp,10,8,1,49,5,10,1,0.03256082534790039,3.2107670307159424,0.0001270771026611328,2,2,2,9009.748318650978,OPTIMAL
16,zhuzhou_n10_p8_sc1_seed49_ms10,darp,10,8,1,49,5,10,2,0.00027489662170410156,1.023108959197998,0.05555105209350586,1,1,3,9009.748318650978,OPTIMAL
16,zhuzhou_n10_p8_sc1_seed49_ms10,darp,10,8,1,49,5,10,3,0.0002288818359375,0.08959388732910156,0.0,0,0,3,8809.748318650978,OPTIMAL
15,zhuzhou_n10_p8_sc1_seed49_ms10,exact,10,8,1,49,5,10,1,0.03304600715637207,3.6295340061187744,0.00013494491577148438,2,2,2,9009.748318650978,OPTIMAL
15,zhuzhou_n10_p8_sc1_seed49_ms10,exact,10,8,1,49,5,10,2,0.00028204917907714844,0.1276850700378418,0.056173086166381836,1,1,3,9009.748318650978,OPTIMAL
15,zhuzhou_n10_p8_sc1_seed49_ms10,exact,10,8,1,49,5,10,3,0.00023508071899414062,0.04832887649536133,0.0,0,0,3,8809.748318650978,OPTIMAL
18,zhuzhou_n10_p8_sc1_seed50_ms10,darp,10,8,1,50,5,10,1,0.02950286865234375,3.0175979137420654,9.608268737792969e-5,3,3,3,8970.259515825626,OPTIMAL
18,zhuzhou_n10_p8_sc1_seed50_ms10,darp,10,8,1,50,5,10,2,0.0002541542053222656,1.7374539375305176,0.05032014846801758,1,1,4,8970.259515825626,OPTIMAL
18,zhuzhou_n10_p8_sc1_seed50_ms10,darp,10,8,1,50,5,10,3,0.00022792816162109375,0.6072351932525635,0.0,0,0,4,8770.259515825626,OPTIMAL
17,zhuzhou_n10_p8_sc1_seed50_ms10,exact,10,8,1,50,5,10,1,0.029660940170288086,3.2868800163269043,0.00010395050048828125,2,2,2,8970.259515825626,OPTIMAL
17,zhuzhou_n10_p8_sc1_seed50_ms10,exact,10,8,1,50,5,10,2,0.00025916099548339844,0.11601996421813965,0.05055999755859375,1,1,3,8970.259515825626,OPTIMAL
17,zhuzhou_n10_p8_sc1_seed50_ms10,exact,10,8,1,50,5,10,3,0.0002129077911376953,0.04392194747924805,0.0,0,0,3,8770.259515825626,OPTIMAL
20,zhuzhou_n10_p8_sc1_seed51_ms10,darp,10,8,1,51,5,10,1,0.02921581268310547,3.1486501693725586,0.1163330078125,160,160,160,14791.450141884796,OPTIMAL
20,zhuzhou_n10_p8_sc1_seed51_ms10,darp,10,8,1,51,5,10,2,0.0004019737243652344,8.679380893707275,0.1818981170654297,2032,2032,2192,14791.450141884796,OPTIMAL
20,zhuzhou_n10_p8_sc1_seed51_ms10,darp,10,8,1,51,5,10,3,0.0033881664276123047,0.456387996673584,0.0,0,0,2192,11849.850141884794,OPTIMAL
19,zhuzhou_n10_p8_sc1_seed51_ms10,exact,10,8,1,51,5,10,1,0.029209136962890625,3.4823830127716064,0.1085209846496582,33,33,33,14791.450141884796,OPTIMAL
19,zhuzhou_n10_p8_sc1_seed51_ms10,exact,10,8,1,51,5,10,2,0.0002989768981933594,0.2928638458251953,0.1192159652709961,42,42,75,14791.450141884796,OPTIMAL
19,zhuzhou_n10_p8_sc1_seed51_ms10,exact,10,8,1,51,5,10,3,0.0002989768981933594,0.09226012229919434,0.0,0,0,75,11849.850141884794,OPTIMAL
22,zhuzhou_n15_p8_sc1_seed42_ms10,darp,15,8,1,42,8,10,1,0.04328298568725586,1803.2850470542908,0.00032591819763183594,1,1,1,12829.456738186029,OPTIMAL
22,zhuzhou_n15_p8_sc1_seed42_ms10,darp,15,8,1,42,8,10,2,0.00043320655822753906,1800.0013818740845,0.0,0,0,1,12829.456738186029,OPTIMAL
21,zhuzhou_n15_p8_sc1_seed42_ms10,exact,15,8,1,42,8,10,1,0.04207897186279297,4.623106002807617,0.1797809600830078,14,14,14,12829.456738186029,OPTIMAL
21,zhuzhou_n15_p8_sc1_seed42_ms10,exact,15,8,1,42,8,10,2,0.0003719329833984375,0.5903699398040771,0.00017595291137695312,8,8,22,12829.456738186029,OPTIMAL
21,zhuzhou_n15_p8_sc1_seed42_ms10,exact,15,8,1,42,8,10,3,0.00046515464782714844,0.5539309978485107,0.0001811981201171875,4,4,26,12829.456738186029,OPTIMAL
21,zhuzhou_n15_p8_sc1_seed42_ms10,exact,15,8,1,42,8,10,4,0.0005509853363037109,0.6646051406860352,0.061094045639038086,4,4,30,12829.456738186029,OPTIMAL
21,zhuzhou_n15_p8_sc1_seed42_ms10,exact,15,8,1,42,8,10,5,0.00032782554626464844,0.8787369728088379,0.0,0,0,30,12629.456738186027,OPTIMAL
24,zhuzhou_n15_p8_sc1_seed43_ms10,darp,15,8,1,43,8,10,1,0.04409599304199219,4.346782922744751,0.05997014045715332,17,17,17,12868.821385009138,OPTIMAL
24,zhuzhou_n15_p8_sc1_seed43_ms10,darp,15,8,1,43,8,10,2,0.0004420280456542969,2.498194932937622,0.1566171646118164,24,24,41,12868.821385009138,OPTIMAL
24,zhuzhou_n15_p8_sc1_seed43_ms10,darp,15,8,1,43,8,10,3,0.0005290508270263672,18.768343925476074,0.00036597251892089844,16,16,57,12868.821385009138,OPTIMAL
24,zhuzhou_n15_p8_sc1_seed43_ms10,darp,15,8,1,43,8,10,4,0.0007538795471191406,1.3049321174621582,0.000453948974609375,21,21,78,12868.821385009138,OPTIMAL
24,zhuzhou_n15_p8_sc1_seed43_ms10,darp,15,8,1,43,8,10,5,0.0005240440368652344,29.11011004447937,0.05643010139465332,16,16,94,12868.821385009138,OPTIMAL
24,zhuzhou_n15_p8_sc1_seed43_ms10,darp,15,8,1,43,8,10,6,0.000514984130859375,2.3308908939361572,0.00020503997802734375,6,6,100,12643.431370729759,OPTIMAL
24,zhuzhou_n15_p8_sc1_seed43_ms10,darp,15,8,1,43,8,10,7,0.0004382133483886719,22.444822788238525,0.0002372264862060547,3,3,103,12643.431370729759,OPTIMAL
24,zhuzhou_n15_p8_sc1_seed43_ms10,darp,15,8,1,43,8,10,8,0.0004830360412597656,8.333347082138062,0.00018405914306640625,3,3,106,12643.431370729759,OPTIMAL
24,zhuzhou_n15_p8_sc1_seed43_ms10,darp,15,8,1,43,8,10,9,0.00045299530029296875,37.196189880371094,0.00026488304138183594,3,3,109,12643.431370729759,OPTIMAL
24,zhuzhou_n15_p8_sc1_seed43_ms10,darp,15,8,1,43,8,10,10,0.000988006591796875,1.576310157775879,0.0,0,0,109,12443.431370729759,OPTIMAL
23,zhuzhou_n15_p8_sc1_seed43_ms10,exact,15,8,1,43,8,10,1,0.04242086410522461,5.115895986557007,0.060784101486206055,12,12,12,12868.821385009138,OPTIMAL
23,zhuzhou_n15_p8_sc1_seed43_ms10,exact,15,8,1,43,8,10,2,0.0004818439483642578,0.8786330223083496,0.1432020664215088,8,8,20,12868.821385009138,OPTIMAL
23,zhuzhou_n15_p8_sc1_seed43_ms10,exact,15,8,1,43,8,10,3,0.00039315223693847656,0.6817409992218018,0.0002028942108154297,7,7,27,12868.821385009138,OPTIMAL
23,zhuzhou_n15_p8_sc1_seed43_ms10,exact,15,8,1,43,8,10,4,0.00044608116149902344,0.64982008934021,0.05601787567138672,7,7,34,12868.821385009138,OPTIMAL
23,zhuzhou_n15_p8_sc1_seed43_ms10,exact,15,8,1,43,8,10,5,0.00034618377685546875,0.45270490646362305,0.0001289844512939453,2,2,36,12443.431370729759,OPTIMAL
23,zhuzhou_n15_p8_sc1_seed43_ms10,exact,15,8,1,43,8,10,6,0.0004410743713378906,0.5193679332733154,0.0,0,0,36,12443.431370729759,OPTIMAL
26,zhuzhou_n15_p8_sc1_seed44_ms10,darp,15,8,1,44,8,10,1,0.03829598426818848,10.502461910247803,0.00019311904907226562,3,3,3,9165.718850024936,OPTIMAL
26,zhuzhou_n15_p8_sc1_seed44_ms10,darp,15,8,1,44,8,10,2,0.0003750324249267578,676.7457358837128,0.0001990795135498047,2,2,5,9165.718850024936,OPTIMAL
26,zhuzhou_n15_p8_sc1_seed44_ms10,darp,15,8,1,44,8,10,3,0.00038504600524902344,1800.2101979255676,0.0,0,0,5,9165.718850024936,OPTIMAL
25,zhuzhou_n15_p8_sc1_seed44_ms10,exact,15,8,1,44,8,10,1,0.043631792068481445,4.306154012680054,0.0002090930938720703,3,3,3,9165.718850024936,OPTIMAL
25,zhuzhou_n15_p8_sc1_seed44_ms10,exact,15,8,1,44,8,10,2,0.0003631114959716797,0.24619388580322266,0.0001361370086669922,2,2,5,9165.718850024936,OPTIMAL
25,zhuzhou_n15_p8_sc1_seed44_ms10,exact,15,8,1,44,8,10,3,0.0003380775451660156,0.14598512649536133,7.486343383789062e-5,1,1,6,9165.718850024936,OPTIMAL
25,zhuzhou_n15_p8_sc1_seed44_ms10,exact,15,8,1,44,8,10,4,0.00029206275939941406,0.2895779609680176,0.054080963134765625,1,1,7,9165.718850024936,OPTIMAL
25,zhuzhou_n15_p8_sc1_seed44_ms10,exact,15,8,1,44,8,10,5,0.00029397010803222656,0.17831087112426758,0.0,0,0,7,8965.718850024938,OPTIMAL
28,zhuzhou_n15_p8_sc1_seed45_ms10,darp,15,8,1,45,8,10,1,0.03715205192565918,3.5019450187683105,0.000164031982421875,1,1,1,4472.345603019409,OPTIMAL
28,zhuzhou_n15_p8_sc1_seed45_ms10,darp,15,8,1,45,8,10,2,0.0003390312194824219,0.45573997497558594,7.510185241699219e-5,1,1,2,4472.345603019409,OPTIMAL
28,zhuzhou_n15_p8_sc1_seed45_ms10,darp,15,8,1,45,8,10,3,0.0002980232238769531,0.857978105545044,0.0,0,0,2,4472.345603019409,OPTIMAL
27,zhuzhou_n15_p8_sc1_seed45_ms10,exact,15,8,1,45,8,10,1,0.038316965103149414,3.811124086380005,0.00019884109497070312,1,1,1,4472.345603019409,OPTIMAL
27,zhuzhou_n15_p8_sc1_seed45_ms10,exact,15,8,1,45,8,10,2,0.00037288665771484375,0.11745595932006836,7.796287536621094e-5,1,1,2,4472.345603019409,OPTIMAL
27,zhuzhou_n15_p8_sc1_seed45_ms10,exact,15,8,1,45,8,10,3,0.00027298927307128906,0.025640010833740234,0.0,0,0,2,4472.345603019409,OPTIMAL
30,zhuzhou_n15_p8_sc1_seed46_ms10,darp,15,8,1,46,8,10,1,0.03872394561767578,3.426870107650757,0.007599830627441406,8,8,8,9100.097496914615,OPTIMAL
30,zhuzhou_n15_p8_sc1_seed46_ms10,darp,15,8,1,46,8,10,2,0.00034689903259277344,1.2892520427703857,0.0006909370422363281,17,17,25,9100.097496914615,OPTIMAL
30,zhuzhou_n15_p8_sc1_seed46_ms10,darp,15,8,1,46,8,10,3,0.00040602684020996094,9.549586057662964,0.0001850128173828125,6,6,31,9100.097496914615,OPTIMAL
30,zhuzhou_n15_p8_sc1_seed46_ms10,darp,15,8,1,46,8,10,4,0.0005819797515869141,1428.5794730186462,0.00024390220642089844,1,1,32,9100.097496914615,OPTIMAL
30,zhuzhou_n15_p8_sc1_seed46_ms10,darp,15,8,1,46,8,10,5,0.000759124755859375,1800.165627002716,0.0,0,0,32,9100.097496914615,OPTIMAL
29,zhuzhou_n15_p8_sc1_seed46_ms10,exact,15,8,1,46,8,10,1,0.037210941314697266,3.995774030685425,0.00019979476928710938,5,5,5,9100.097496914615,OPTIMAL
29,zhuzhou_n15_p8_sc1_seed46_ms10,exact,15,8,1,46,8,10,2,0.00036597251892089844,0.17282319068908691,0.007309913635253906,4,4,9,9100.097496914615,OPTIMAL
29,zhuzhou_n15_p8_sc1_seed46_ms10,exact,15,8,1,46,8,10,3,0.00034999847412109375,0.3750948905944824,0.06289982795715332,5,5,14,9100.097496914615,OPTIMAL
29,zhuzhou_n15_p8_sc1_seed46_ms10,exact,15,8,1,46,8,10,4,0.0003681182861328125,0.13530993461608887,7.104873657226562e-5,1,1,15,9100.097496914615,OPTIMAL
29,zhuzhou_n15_p8_sc1_seed46_ms10,exact,15,8,1,46,8,10,5,0.00029397010803222656,0.09093403816223145,6.008148193359375e-5,1,1,16,9100.097496914615,OPTIMAL
29,zhuzhou_n15_p8_sc1_seed46_ms10,exact,15,8,1,46,8,10,6,0.0002551078796386719,0.10411214828491211,5.793571472167969e-5,1,1,17,9100.097496914615,OPTIMAL
29,zhuzhou_n15_p8_sc1_seed46_ms10,exact,15,8,1,46,8,10,7,0.0002658367156982422,0.21529889106750488,0.07312917709350586,2,2,19,9100.097496914615,OPTIMAL
29,zhuzhou_n15_p8_sc1_seed46_ms10,exact,15,8,1,46,8,10,8,0.000370025634765625,0.143510103225708,6.29425048828125e-5,1,1,20,9100.097496914615,OPTIMAL
29,zhuzhou_n15_p8_sc1_seed46_ms10,exact,15,8,1,46,8,10,9,0.00027298927307128906,0.09977197647094727,5.3882598876953125e-5,1,1,21,9100.097496914615,OPTIMAL
29,zhuzhou_n15_p8_sc1_seed46_ms10,exact,15,8,1,46,8,10,10,0.0002601146697998047,0.25850486755371094,0.05378293991088867,1,1,22,9100.097496914615,OPTIMAL
29,zhuzhou_n15_p8_sc1_seed46_ms10,exact,15,8,1,46,8,10,11,0.0003159046173095703,0.11636209487915039,0.0,0,0,22,8900.097496914615,OPTIMAL
32,zhuzhou_n15_p8_sc1_seed47_ms10,darp,15,8,1,47,8,10,1,0.04003596305847168,861.5636990070343,0.27181482315063477,1256,1256,1256,13657.370641649402,OPTIMAL
32,zhuzhou_n15_p8_sc1_seed47_ms10,darp,15,8,1,47,8,10,2,0.002025127410888672,1800.293007850647,0.0,0,0,1256,13457.370641649404,OPTIMAL
31,zhuzhou_n15_p8_sc1_seed47_ms10,exact,15,8,1,47,8,10,1,0.03465604782104492,4.362411975860596,0.2785520553588867,171,171,171,13657.370641649402,OPTIMAL
31,zhuzhou_n15_p8_sc1_seed47_ms10,exact,15,8,1,47,8,10,2,0.0005850791931152344,0.5455920696258545,0.05778908729553223,214,214,385,13457.370641649404,OPTIMAL
31,zhuzhou_n15_p8_sc1_seed47_ms10,exact,15,8,1,47,8,10,3,0.0009381771087646484,0.22836804389953613,0.0,0,0,385,10554.40880517334,OPTIMAL
34,zhuzhou_n15_p8_sc1_seed48_ms10,darp,15,8,1,48,8,10,1,0.04372811317443848,3.7983779907226562,0.00020003318786621094,4,4,4,8955.579390655053,OPTIMAL
34,zhuzhou_n15_p8_sc1_seed48_ms10,darp,15,8,1,48,8,10,2,0.0004401206970214844,0.9330589771270752,0.00012087821960449219,2,2,6,8955.579390655053,OPTIMAL
34,zhuzhou_n15_p8_sc1_seed48_ms10,darp,15,8,1,48,8,10,3,0.00035190582275390625,11.541360139846802,0.0001609325408935547,1,1,7,8955.579390655053,OPTIMAL
34,zhuzhou_n15_p8_sc1_seed48_ms10,darp,15,8,1,48,8,10,4,0.0004379749298095703,22.82868504524231,0.00012493133544921875,1,1,8,8955.579390655053,OPTIMAL
34,zhuzhou_n15_p8_sc1_seed48_ms10,darp,15,8,1,48,8,10,5,0.0004458427429199219,138.53198289871216,0.11250996589660645,4,4,12,8955.579390655053,OPTIMAL
34,zhuzhou_n15_p8_sc1_seed48_ms10,darp,15,8,1,48,8,10,6,0.0004208087921142578,4.899582862854004,0.0,0,0,12,8755.579390655055,OPTIMAL
33,zhuzhou_n15_p8_sc1_seed48_ms10,exact,15,8,1,48,8,10,1,0.0430760383605957,4.112689971923828,0.00016498565673828125,4,4,4,8955.579390655053,OPTIMAL
33,zhuzhou_n15_p8_sc1_seed48_ms10,exact,15,8,1,48,8,10,2,0.0003490447998046875,0.1731879711151123,8.0108642578125e-5,2,2,6,8955.579390655053,OPTIMAL
33,zhuzhou_n15_p8_sc1_seed48_ms10,exact,15,8,1,48,8,10,3,0.0003139972686767578,0.03864884376525879,7.605552673339844e-5,1,1,7,8955.579390655053,OPTIMAL
33,zhuzhou_n15_p8_sc1_seed48_ms10,exact,15,8,1,48,8,10,4,0.0003800392150878906,0.04098796844482422,6.794929504394531e-5,1,1,8,8955.579390655053,OPTIMAL
33,zhuzhou_n15_p8_sc1_seed48_ms10,exact,15,8,1,48,8,10,5,0.00030517578125,0.17695379257202148,0.06062722206115723,1,1,9,8955.579390655053,OPTIMAL
33,zhuzhou_n15_p8_sc1_seed48_ms10,exact,15,8,1,48,8,10,6,0.00028705596923828125,0.06888914108276367,0.0,0,0,9,8755.579390655055,OPTIMAL
36,zhuzhou_n15_p8_sc1_seed49_ms10,darp,15,8,1,49,8,10,1,0.04322218894958496,3.8747808933258057,0.0001900196075439453,2,2,2,8986.311144573165,OPTIMAL
36,zhuzhou_n15_p8_sc1_seed49_ms10,darp,15,8,1,49,8,10,2,0.0004520416259765625,1.5801877975463867,0.05414080619812012,1,1,3,8986.311144573165,OPTIMAL
36,zhuzhou_n15_p8_sc1_seed49_ms10,darp,15,8,1,49,8,10,3,0.0002980232238769531,0.16956210136413574,0.0,0,0,3,8786.311144573165,OPTIMAL
35,zhuzhou_n15_p8_sc1_seed49_ms10,exact,15,8,1,49,8,10,1,0.04282093048095703,4.104252099990845,0.00012493133544921875,2,2,2,8986.311144573165,OPTIMAL
35,zhuzhou_n15_p8_sc1_seed49_ms10,exact,15,8,1,49,8,10,2,0.00030994415283203125,0.2513899803161621,0.06101202964782715,1,1,3,8986.311144573165,OPTIMAL
35,zhuzhou_n15_p8_sc1_seed49_ms10,exact,15,8,1,49,8,10,3,0.0004401206970214844,0.15033507347106934,0.0,0,0,3,8786.311144573165,OPTIMAL
38,zhuzhou_n15_p8_sc1_seed50_ms10,darp,15,8,1,50,8,10,1,0.0340578556060791,3.8743410110473633,0.05404996871948242,4,4,4,10908.150516040729,OPTIMAL
38,zhuzhou_n15_p8_sc1_seed50_ms10,darp,15,8,1,50,8,10,2,0.000308990478515625,5.992585897445679,0.04921317100524902,3,3,7,10908.150516040729,OPTIMAL
38,zhuzhou_n15_p8_sc1_seed50_ms10,darp,15,8,1,50,8,10,3,0.0002961158752441406,1.7858400344848633,0.0,0,0,7,10508.15051604073,OPTIMAL
37,zhuzhou_n15_p8_sc1_seed50_ms10,exact,15,8,1,50,8,10,1,0.043020009994506836,5.020678997039795,0.1185770034790039,5,5,5,10908.150516040729,OPTIMAL
37,zhuzhou_n15_p8_sc1_seed50_ms10,exact,15,8,1,50,8,10,2,0.0002930164337158203,0.8369491100311279,0.06984090805053711,4,4,9,10908.150516040729,OPTIMAL
37,zhuzhou_n15_p8_sc1_seed50_ms10,exact,15,8,1,50,8,10,3,0.0002899169921875,0.6716179847717285,0.0,0,0,9,10508.15051604073,OPTIMAL
40,zhuzhou_n15_p8_sc1_seed51_ms10,darp,15,8,1,51,8,10,1,0.02945113182067871,4.411322116851807,0.16068387031555176,257,257,257,12907.049725505818,OPTIMAL
40,zhuzhou_n15_p8_sc1_seed51_ms10,darp,15,8,1,51,8,10,2,0.0005528926849365234,1.8975250720977783,0.00012493133544921875,3,3,260,11072.649725505818,OPTIMAL
40,zhuzhou_n15_p8_sc1_seed51_ms10,darp,15,8,1,51,8,10,3,0.0004229545593261719,0.36507582664489746,0.0,0,0,260,10872.649725505817,OPTIMAL
39,zhuzhou_n15_p8_sc1_seed51_ms10,exact,15,8,1,51,8,10,1,0.05545401573181152,4.589878082275391,0.18779802322387695,60,60,60,12907.049725505818,OPTIMAL
39,zhuzhou_n15_p8_sc1_seed51_ms10,exact,15,8,1,51,8,10,2,0.0006840229034423828,0.5659458637237549,0.0001659393310546875,2,2,62,11072.649725505818,OPTIMAL
39,zhuzhou_n15_p8_sc1_seed51_ms10,exact,15,8,1,51,8,10,3,0.0006299018859863281,0.37838292121887207,0.0,0,0,62,10872.649725505817,OPTIMAL
42,zhuzhou_n20_p8_sc1_seed42_ms10,darp,20,8,1,42,10,10,1,0.03668808937072754,1803.3356499671936,0.00010704994201660156,2,2,2,15318.571458915596,OPTIMAL
42,zhuzhou_n20_p8_sc1_seed42_ms10,darp,20,8,1,42,10,10,2,0.00032901763916015625,1808.9948830604553,0.0,0,0,2,15318.571458915596,OPTIMAL
41,zhuzhou_n20_p8_sc1_seed42_ms10,exact,20,8,1,42,10,10,1,0.03035712242126465,11.894268989562988,0.058554887771606445,387,387,387,15318.571458915596,OPTIMAL
41,zhuzhou_n20_p8_sc1_seed42_ms10,exact,20,8,1,42,10,10,2,0.0008740425109863281,14.57768702507019,0.06807708740234375,114,114,501,13079.531458915595,OPTIMAL
41,zhuzhou_n20_p8_sc1_seed42_ms10,exact,20,8,1,42,10,10,3,0.0007729530334472656,14.443018198013306,0.01870894432067871,105,105,606,12879.531458915593,OPTIMAL
41,zhuzhou_n20_p8_sc1_seed42_ms10,exact,20,8,1,42,10,10,4,0.0008168220520019531,10.700327157974243,0.050184011459350586,25,25,631,11939.343795079192,OPTIMAL
41,zhuzhou_n20_p8_sc1_seed42_ms10,exact,20,8,1,42,10,10,5,0.0006661415100097656,10.677468061447144,0.0004899501800537109,33,33,664,11469.59534965786,OPTIMAL
41,zhuzhou_n20_p8_sc1_seed42_ms10,exact,20,8,1,42,10,10,6,0.0008509159088134766,7.009513854980469,0.00017309188842773438,1,1,665,10979.663795079194,OPTIMAL
41,zhuzhou_n20_p8_sc1_seed42_ms10,exact,20,8,1,42,10,10,7,0.0009398460388183594,6.872992992401123,0.0,0,0,665,10973.14334303643,OPTIMAL
44,zhuzhou_n20_p8_sc1_seed43_ms10,darp,20,8,1,43,10,10,1,0.035279035568237305,55.51757311820984,0.06689286231994629,3,3,3,8653.831113870106,OPTIMAL
44,zhuzhou_n20_p8_sc1_seed43_ms10,darp,20,8,1,43,10,10,2,0.00033593177795410156,376.11241388320923,0.05802202224731445,2,2,5,8653.831113870106,OPTIMAL
44,zhuzhou_n20_p8_sc1_seed43_ms10,darp,20,8,1,43,10,10,3,0.0002999305725097656,68.53028798103333,0.0,0,0,5,8453.831113870106,OPTIMAL
43,zhuzhou_n20_p8_sc1_seed43_ms10,exact,20,8,1,43,10,10,1,1.1225180625915527,100.94827103614807,1.010180950164795,3,3,3,8653.831113870106,OPTIMAL
43,zhuzhou_n20_p8_sc1_seed43_ms10,exact,20,8,1,43,10,10,2,0.004230022430419922,32.1778609752655,0.9171237945556641,2,2,5,8653.831113870106,OPTIMAL
43,zhuzhou_n20_p8_sc1_seed43_ms10,exact,20,8,1,43,10,10,3,0.003937959671020508,25.969953060150146,0.0,0,0,5,8453.831113870106,OPTIMAL
46,zhuzhou_n20_p8_sc1_seed44_ms10,darp,20,8,1,44,10,10,1,0.03772115707397461,1803.5036261081696,0.00010991096496582031,1,1,1,8729.549181447557,OPTIMAL
46,zhuzhou_n20_p8_sc1_seed44_ms10,darp,20,8,1,44,10,10,2,0.00032806396484375,1801.4044981002808,0.0,0,0,1,8729.549181447557,OPTIMAL
45,zhuzhou_n20_p8_sc1_seed44_ms10,exact,20,8,1,44,10,10,1,0.04217696189880371,7.04706883430481,9.608268737792969e-5,2,2,2,8729.549181447557,OPTIMAL
45,zhuzhou_n20_p8_sc1_seed44_ms10,exact,20,8,1,44,10,10,2,0.0003190040588378906,3.060594081878662,0.0001239776611328125,2,2,4,8729.549181447557,OPTIMAL
45,zhuzhou_n20_p8_sc1_seed44_ms10,exact,20,8,1,44,10,10,3,0.0003349781036376953,2.988352060317993,0.00012302398681640625,1,1,5,8729.549181447557,OPTIMAL
45,zhuzhou_n20_p8_sc1_seed44_ms10,exact,20,8,1,44,10,10,4,0.00039315223693847656,3.2910029888153076,0.07294511795043945,1,1,6,8729.549181447557,OPTIMAL
45,zhuzhou_n20_p8_sc1_seed44_ms10,exact,20,8,1,44,10,10,5,0.0003180503845214844,2.035853862762451,0.0,0,0,6,8529.549181447559,OPTIMAL
48,zhuzhou_n20_p8_sc1_seed45_ms10,darp,20,8,1,45,10,10,1,0.04398989677429199,8.212561130523682,0.0004608631134033203,2,2,2,4698.957303403174,OPTIMAL
48,zhuzhou_n20_p8_sc1_seed45_ms10,darp,20,8,1,45,10,10,2,0.0007338523864746094,204.527410030365,0.0,0,0,2,4698.957303403174,OPTIMAL
47,zhuzhou_n20_p8_sc1_seed45_ms10,exact,20,8,1,45,10,10,1,0.03775310516357422,3.917975902557373,0.00012993812561035156,2,2,2,4698.957303403174,OPTIMAL
47,zhuzhou_n20_p8_sc1_seed45_ms10,exact,20,8,1,45,10,10,2,0.0002739429473876953,0.018488168716430664,0.0,0,0,2,4698.957303403174,OPTIMAL
50,zhuzhou_n20_p8_sc1_seed46_ms10,darp,20,8,1,46,10,10,1,0.059474945068359375,6.262549877166748,0.0001850128173828125,6,6,6,8726.432030037711,OPTIMAL
50,zhuzhou_n20_p8_sc1_seed46_ms10,darp,20,8,1,46,10,10,2,0.0004360675811767578,1800.139673948288,7.796287536621094e-5,1,1,7,8726.432030037711,OPTIMAL
50,zhuzhou_n20_p8_sc1_seed46_ms10,darp,20,8,1,46,10,10,3,0.00045609474182128906,1804.2944219112396,0.0,0,0,7,8726.432030037711,OPTIMAL
49,zhuzhou_n20_p8_sc1_seed46_ms10,exact,20,8,1,46,10,10,1,0.03450918197631836,4.905019044876099,0.00019598007202148438,5,5,5,8726.432030037711,OPTIMAL
49,zhuzhou_n20_p8_sc1_seed46_ms10,exact,20,8,1,46,10,10,2,0.0003478527069091797,1.6701431274414062,0.05933189392089844,2,2,7,8726.432030037711,OPTIMAL
49,zhuzhou_n20_p8_sc1_seed46_ms10,exact,20,8,1,46,10,10,3,0.0003020763397216797,1.4252431392669678,0.00011801719665527344,2,2,9,8726.432030037711,OPTIMAL
49,zhuzhou_n20_p8_sc1_seed46_ms10,exact,20,8,1,46,10,10,4,0.00032711029052734375,1.46038818359375,0.00011491775512695312,2,2,11,8726.432030037711,OPTIMAL
49,zhuzhou_n20_p8_sc1_seed46_ms10,exact,20,8,1,46,10,10,5,0.00039386749267578125,1.5723330974578857,7.700920104980469e-5,1,1,12,8726.432030037711,OPTIMAL
49,zhuzhou_n20_p8_sc1_seed46_ms10,exact,20,8,1,46,10,10,6,0.0003879070281982422,1.4705638885498047,0.06392407417297363,1,1,13,8726.432030037711,OPTIMAL
49,zhuzhou_n20_p8_sc1_seed46_ms10,exact,20,8,1,46,10,10,7,0.0002880096435546875,1.573361873626709,0.07317304611206055,1,1,14,8726.432030037711,OPTIMAL
49,zhuzhou_n20_p8_sc1_seed46_ms10,exact,20,8,1,46,10,10,8,0.00031113624572753906,1.4242570400238037,0.0,0,0,14,8526.432030037713,OPTIMAL
52,zhuzhou_n20_p8_sc1_seed47_ms10,darp,20,8,1,47,10,10,1,0.03407692909240723,1802.9149417877197,0.0,0,0,0,11706.278586509543,OPTIMAL
51,zhuzhou_n20_p8_sc1_seed47_ms10,exact,20,8,1,47,10,10,1,0.05916190147399902,28.029109954833984,0.4953269958496094,193,193,193,11706.278586509543,OPTIMAL
51,zhuzhou_n20_p8_sc1_seed47_ms10,exact,20,8,1,47,10,10,2,0.0008330345153808594,10.179429054260254,0.0,0,0,193,9348.086617646584,OPTIMAL
54,zhuzhou_n20_p8_sc1_seed48_ms10,darp,20,8,1,48,10,10,1,0.05167412757873535,1803.6132500171661,0.0,0,0,0,8595.934171280716,OPTIMAL
53,zhuzhou_n20_p8_sc1_seed48_ms10,exact,20,8,1,48,10,10,1,0.03401303291320801,5.291775941848755,0.12833595275878906,4,4,4,8595.934171280716,OPTIMAL
53,zhuzhou_n20_p8_sc1_seed48_ms10,exact,20,8,1,48,10,10,2,0.0005550384521484375,1.7338950634002686,0.07324790954589844,3,3,7,8595.934171280716,OPTIMAL
53,zhuzhou_n20_p8_sc1_seed48_ms10,exact,20,8,1,48,10,10,3,0.0003769397735595703,1.562056064605713,0.0,0,0,7,8395.934171280716,OPTIMAL
56,zhuzhou_n20_p8_sc1_seed49_ms10,darp,20,8,1,49,10,10,1,0.035932064056396484,6.199240207672119,0.00013184547424316406,2,2,2,8535.795420175651,OPTIMAL
56,zhuzhou_n20_p8_sc1_seed49_ms10,darp,20,8,1,49,10,10,2,0.0003008842468261719,180.90240597724915,0.00014400482177734375,1,1,3,8535.795420175651,OPTIMAL
56,zhuzhou_n20_p8_sc1_seed49_ms10,darp,20,8,1,49,10,10,3,0.0005509853363037109,32.010438203811646,0.0,0,0,3,8335.795420175651,OPTIMAL
55,zhuzhou_n20_p8_sc1_seed49_ms10,exact,20,8,1,49,10,10,1,0.03576803207397461,5.503978967666626,0.0001380443572998047,2,2,2,8535.795420175651,OPTIMAL
55,zhuzhou_n20_p8_sc1_seed49_ms10,exact,20,8,1,49,10,10,2,0.0003070831298828125,1.386842966079712,6.604194641113281e-5,1,1,3,8535.795420175651,OPTIMAL
55,zhuzhou_n20_p8_sc1_seed49_ms10,exact,20,8,1,49,10,10,3,0.0002601146697998047,1.2742838859558105,0.0,0,0,3,8335.795420175651,OPTIMAL
58,zhuzhou_n20_p8_sc1_seed50_ms10,darp,20,8,1,50,10,10,1,0.0372769832611084,4.63324499130249,0.0001068115234375,3,3,3,8619.918815875335,OPTIMAL
58,zhuzhou_n20_p8_sc1_seed50_ms10,darp,20,8,1,50,10,10,2,0.00029087066650390625,927.612998008728,0.0002200603485107422,2,2,5,8619.918815875335,OPTIMAL
58,zhuzhou_n20_p8_sc1_seed50_ms10,darp,20,8,1,50,10,10,3,0.00040793418884277344,1800.0926568508148,0.0,0,0,5,8619.918815875335,OPTIMAL
57,zhuzhou_n20_p8_sc1_seed50_ms10,exact,20,8,1,50,10,10,1,0.0363919734954834,5.91641092300415,0.00015020370483398438,3,3,3,8619.918815875335,OPTIMAL
57,zhuzhou_n20_p8_sc1_seed50_ms10,exact,20,8,1,50,10,10,2,0.0003070831298828125,1.985517978668213,8.416175842285156e-5,2,2,5,8619.918815875335,OPTIMAL
57,zhuzhou_n20_p8_sc1_seed50_ms10,exact,20,8,1,50,10,10,3,0.00030803680419921875,2.095503091812134,7.081031799316406e-5,1,1,6,8619.918815875335,OPTIMAL
57,zhuzhou_n20_p8_sc1_seed50_ms10,exact,20,8,1,50,10,10,4,0.0003910064697265625,1.6798357963562012,7.009506225585938e-5,1,1,7,8619.918815875335,OPTIMAL
57,zhuzhou_n20_p8_sc1_seed50_ms10,exact,20,8,1,50,10,10,5,0.0003159046173095703,1.9692518711090088,0.3164231777191162,1,1,8,8619.918815875335,OPTIMAL
57,zhuzhou_n20_p8_sc1_seed50_ms10,exact,20,8,1,50,10,10,6,0.00037097930908203125,1.4535140991210938,0.0,0,0,8,8419.918815875335,OPTIMAL
60,zhuzhou_n20_p8_sc1_seed51_ms10,darp,20,8,1,51,10,10,1,0.04497480392456055,1804.0432300567627,0.07893896102905273,15,15,15,12182.743438408088,OPTIMAL
60,zhuzhou_n20_p8_sc1_seed51_ms10,darp,20,8,1,51,10,10,2,0.00045490264892578125,1800.0824749469757,0.0,0,0,15,10338.263438408088,OPTIMAL
59,zhuzhou_n20_p8_sc1_seed51_ms10,exact,20,8,1,51,10,10,1,0.045289039611816406,18.788432836532593,0.3801851272583008,241,241,241,12182.743438408088,OPTIMAL
59,zhuzhou_n20_p8_sc1_seed51_ms10,exact,20,8,1,51,10,10,2,0.000827789306640625,4.90933895111084,0.0001919269561767578,6,6,247,10338.263438408088,OPTIMAL
59,zhuzhou_n20_p8_sc1_seed51_ms10,exact,20,8,1,51,10,10,3,0.0006270408630371094,3.4232680797576904,0.0,0,0,247,9385.143438408086,OPTIMAL
