case,solve_sequence,method,l,selected_indices,pair_coverage_value,n_captured_routes,has_improving_route,unrestricted_best_rc,restricted_best_rc,normalized_rc_regret,contains_unrestricted_best
n15_sc1_s42_ms4,1,marginal_rho,8,1;2;3;5;6;8;10;15,29117.54179026848,172,true,-10186.41606393543,-9021.357806953034,0.11437371590457955,false
n15_sc1_s42_ms4,1,theta_load,8,1;2;3;4;9;10;12;15,29090.481992788507,329,true,-10186.41606393543,-10186.41606393543,0.0,true
n15_sc1_s42_ms4,1,pair,8,1;2;3;5;8;10;11;13,29167.024722904778,136,true,-10186.41606393543,-7477.55647681162,0.265928622012055,false
n15_sc1_s42_ms4,1,pair_travel_025,8,1;2;3;4;9;10;12;15,22338.774057911578,329,true,-10186.41606393543,-10186.41606393543,0.0,true
n15_sc1_s42_ms4,1,pair_travel_050,8,1;2;3;4;9;10;12;15,16000.254057911576,329,true,-10186.41606393543,-10186.41606393543,0.0,true
n15_sc1_s42_ms4,1,pair_travel_100,8,1;2;3;4;9;10;12;15,3323.2140579115776,329,true,-10186.41606393543,-10186.41606393543,0.0,true
n15_sc1_s42_ms4,1,theta4_pair,8,1;2;3;5;8;9;10;12,29131.3080072338,233,true,-10186.41606393543,-10186.41606393543,0.0,true
n15_sc1_s42_ms4,1,theta4_pair_travel_050,8,1;2;3;4;9;10;12;15,16000.254057911576,329,true,-10186.41606393543,-10186.41606393543,0.0,true
n15_sc1_s42_ms4,2,marginal_rho,8,1;2;3;5;6;10;13;15,25243.64073861227,135,true,-6045.333356934858,-5161.231387167685,0.14624536275621292,false
n15_sc1_s42_ms4,2,theta_load,8,1;2;3;4;9;10;12;15,25234.63759654758,309,true,-6045.333356934858,-6045.333356934858,0.0,true
n15_sc1_s42_ms4,2,pair,8,1;2;3;4;5;8;10;11,25331.13002676797,123,true,-6045.333356934858,-5088.746527752242,0.15823557986017003,false
n15_sc1_s42_ms4,2,pair_travel_025,8,1;2;3;4;9;10;12;15,16131.186692577585,309,true,-6045.333356934858,-6045.333356934858,0.0,true
n15_sc1_s42_ms4,2,pair_travel_050,8,1;2;3;4;9;10;12;15,8688.906692577584,309,true,-6045.333356934858,-6045.333356934858,0.0,true
n15_sc1_s42_ms4,2,pair_travel_100,8,1;2;3;4;5;9;12;15,659.654516929093,221,true,-6045.333356934858,-5985.747676707486,0.009856475517436725,false
n15_sc1_s42_ms4,2,theta4_pair,8,1;2;3;5;8;9;10;12,25287.598770991703,167,true,-6045.333356934858,-6045.333356934858,0.0,true
n15_sc1_s42_ms4,2,theta4_pair_travel_050,8,1;2;3;4;9;10;12;15,8688.906692577584,309,true,-6045.333356934858,-6045.333356934858,0.0,true
n15_sc1_s42_ms4,3,marginal_rho,8,1;2;3;5;6;10;13;15,23308.24207574229,84,true,-5748.63872016674,-3232.9196733729095,0.43761996000348097,false
n15_sc1_s42_ms4,3,theta_load,8,1;2;3;4;5;9;10;12,23299.671005583717,168,true,-5748.63872016674,-5748.63872016674,0.0,true
n15_sc1_s42_ms4,3,pair,8,1;2;3;4;5;8;10;11,23385.81443098891,82,true,-5748.63872016674,-5198.785937852856,0.09564921524550705,false
n15_sc1_s42_ms4,3,pair_travel_025,8,1;2;3;9;10;11;12;15,15187.355452125581,177,true,-5748.63872016674,-5748.63872016674,0.0,true
n15_sc1_s42_ms4,3,pair_travel_050,8,1;2;3;4;9;11;12;15,10037.796072074312,227,true,-5748.63872016674,-5748.63872016674,0.0,true
n15_sc1_s42_ms4,3,pair_travel_100,8,1;2;3;4;5;9;12;15,639.5546208435671,204,true,-5748.63872016674,-5748.63872016674,0.0,true
n15_sc1_s42_ms4,3,theta4_pair,8,1;2;3;5;9;10;11;12,23316.549256595317,151,true,-5748.63872016674,-5748.63872016674,0.0,true
n15_sc1_s42_ms4,3,theta4_pair_travel_050,8,1;2;3;9;10;11;12;15,10037.796072074312,177,true,-5748.63872016674,-5748.63872016674,0.0,true
n15_sc1_s42_ms4,4,marginal_rho,8,1;2;3;4;6;9;13;14,9489.551253484016,15,true,-4877.604512196791,-547.7725146096172,0.8876964064552848,false
n15_sc1_s42_ms4,4,theta_load,8,1;2;3;4;9;10;12;15,21486.513354324223,138,true,-4877.604512196791,-4877.604512196791,0.0,true
n15_sc1_s42_ms4,4,pair,8,1;2;3;4;5;8;10;11,21570.036856555645,43,true,-4877.604512196791,-3739.4187795862854,0.2333493274750736,false
n15_sc1_s42_ms4,4,pair_travel_025,8,1;2;3;4;9;10;12;15,11967.369346459334,138,true,-4877.604512196791,-4877.604512196791,0.0,true
n15_sc1_s42_ms4,4,pair_travel_050,8,1;2;3;4;9;10;12;15,3927.7728216762466,138,true,-4877.604512196791,-4877.604512196791,0.0,true
n15_sc1_s42_ms4,4,pair_travel_100,8,1;2;3;4;5;6;7;12,200.0,53,true,-4877.604512196791,-4365.6992651674445,0.10495013397443181,false
n15_sc1_s42_ms4,4,theta4_pair,8,1;2;3;5;8;9;10;12,21512.702904800295,67,true,-4877.604512196791,-4877.604512196791,0.0,true
n15_sc1_s42_ms4,4,theta4_pair_travel_050,8,1;2;3;4;9;10;12;15,3927.7728216762466,138,true,-4877.604512196791,-4877.604512196791,0.0,true
n15_sc1_s42_ms4,5,marginal_rho,8,1;2;3;4;6;10;13;14,18462.744374184684,15,true,-3688.4449214427023,-1679.898192183362,0.5445510972883703,false
n15_sc1_s42_ms4,5,theta_load,8,1;2;3;4;9;10;11;15,20539.753895530215,81,true,-3688.4449214427023,-3053.541261161916,0.1721331547042458,false
n15_sc1_s42_ms4,5,pair,8,1;2;3;4;5;8;10;11,20620.320461932504,30,true,-3688.4449214427023,-2816.874076100794,0.23629764410335866,false
n15_sc1_s42_ms4,5,pair_travel_025,8,1;2;3;4;9;10;12;15,8437.301823425918,98,true,-3688.4449214427023,-3688.4449214427023,0.0,true
n15_sc1_s42_ms4,5,pair_travel_050,8,1;2;3;4;5;6;10;12,563.9946867951053,58,true,-3688.4449214427023,-3451.777736381584,0.06416448939911187,false
n15_sc1_s42_ms4,5,pair_travel_100,8,1;2;3;4;5;6;7;8,0.0,10,true,-3688.4449214427023,-1412.974953375273,0.6169185162123553,false
n15_sc1_s42_ms4,5,theta4_pair,8,1;2;3;8;9;10;11;15,20540.005590028377,43,true,-3688.4449214427023,-3053.541261161916,0.1721331547042458,false
n15_sc1_s42_ms4,5,theta4_pair_travel_050,8,1;2;3;4;9;10;12;15,612.4545255915882,98,true,-3688.4449214427023,-3688.4449214427023,0.0,true
n15_sc1_s42_ms4,6,marginal_rho,8,1;2;3;4;6;8;10;13,16063.094262030667,0,false,-541.2034752169129,,,false
n15_sc1_s42_ms4,6,theta_load,8,1;2;3;4;9;10;11;15,16787.180678216864,5,true,-541.2034752169129,-233.9825885501341,0.5676624425658862,false
n15_sc1_s42_ms4,6,pair,8,1;2;3;4;5;8;10;12,16905.992349020184,1,true,-541.2034752169129,-37.52028066881758,0.9306725060222876,false
n15_sc1_s42_ms4,6,pair_travel_025,8,1;2;3;4;9;10;12;15,9644.265690086344,9,true,-541.2034752169129,-541.2034752169129,0.0,true
n15_sc1_s42_ms4,6,pair_travel_050,8,1;2;3;4;5;9;10;12,4614.074670167396,8,true,-541.2034752169129,-287.9901617090236,0.46787081957742804,false
n15_sc1_s42_ms4,6,pair_travel_100,8,1;2;3;4;5;6;7;8,0.0,0,false,-541.2034752169129,,,false
n15_sc1_s42_ms4,6,theta4_pair,8,1;2;3;5;8;9;10;11,16849.829177910324,5,true,-541.2034752169129,-233.9825885501341,0.5676624425658862,false
n15_sc1_s42_ms4,6,theta4_pair_travel_050,8,1;2;3;4;9;10;11;12,4614.074670167396,8,true,-541.2034752169129,-287.9901617090236,0.46787081957742804,false
n15_sc1_s42_ms4,7,marginal_rho,8,1;2;3;4;6;8;10;13,16055.6351538789,0,false,-68.49629168209685,,,false
n15_sc1_s42_ms4,7,theta_load,8,1;2;3;4;9;10;11;15,16547.77006068806,2,true,-68.49629168209685,-68.49629168209685,0.0,true
n15_sc1_s42_ms4,7,pair,8,1;2;3;4;5;8;10;12,16666.58173149138,1,true,-68.49629168209685,-13.802695979085911,0.7984898796690102,false
n15_sc1_s42_ms4,7,pair_travel_025,8,1;2;3;4;9;10;12;15,9908.538267105632,3,true,-68.49629168209685,-68.49629168209685,0.0,true
n15_sc1_s42_ms4,7,pair_travel_050,8,1;2;3;4;5;9;10;12,5108.958651688926,3,true,-68.49629168209685,-68.49629168209685,0.0,true
n15_sc1_s42_ms4,7,pair_travel_100,8,1;2;3;4;5;6;7;9,4.547473508864641e-13,0,false,-68.49629168209685,,,false
n15_sc1_s42_ms4,7,theta4_pair,8,1;2;3;5;8;9;10;11,16596.615864402436,2,true,-68.49629168209685,-68.49629168209685,0.0,true
n15_sc1_s42_ms4,7,theta4_pair_travel_050,8,1;2;3;4;9;10;11;12,5108.958651688926,4,true,-68.49629168209685,-68.49629168209685,0.0,true
n15_sc1_s43_ms4,1,marginal_rho,8,1;2;3;4;5;6;13;15,23160.08021333548,150,true,-6717.314058531076,-6179.609236970768,0.0800475929627581,false
n15_sc1_s43_ms4,1,theta_load,8,1;2;3;4;9;10;11;12,23174.966235692773,290,true,-6717.314058531076,-5087.135429860369,0.24268310435781376,false
n15_sc1_s43_ms4,1,pair,8,1;2;3;4;5;9;10;11,23246.68717223307,238,true,-6717.314058531076,-5087.135429860369,0.24268310435781376,false
n15_sc1_s43_ms4,1,pair_travel_025,8,1;2;3;9;10;11;12;15,17444.964506562377,261,true,-6717.314058531076,-6717.314058531076,0.0,true
n15_sc1_s43_ms4,1,pair_travel_050,8,1;2;3;9;10;11;12;15,12136.764506562378,261,true,-6717.314058531076,-6717.314058531076,0.0,true
n15_sc1_s43_ms4,1,pair_travel_100,8,1;2;3;4;9;10;11;12,1520.3645065623787,290,true,-6717.314058531076,-5087.135429860369,0.24268310435781376,false
n15_sc1_s43_ms4,1,theta4_pair,8,1;2;3;5;9;10;11;12,23232.88447625398,227,true,-6717.314058531076,-4982.3051321480925,0.25828908865434086,false
n15_sc1_s43_ms4,1,theta4_pair_travel_050,8,1;2;3;4;9;10;11;12,12136.764506562378,290,true,-6717.314058531076,-5087.135429860369,0.24268310435781376,false
n15_sc1_s43_ms4,2,marginal_rho,8,1;2;3;4;5;6;9;15,22889.792481450564,256,true,-6636.594249722177,-6636.594249722177,0.0,true
n15_sc1_s43_ms4,2,theta_load,8,1;2;3;4;9;10;11;12,22890.87580782877,278,true,-6636.594249722177,-4982.69803636174,0.24920857764201454,false
n15_sc1_s43_ms4,2,pair,8,1;2;3;4;5;9;10;11,22962.596744369064,234,true,-6636.594249722177,-4982.69803636174,0.24920857764201454,false
n15_sc1_s43_ms4,2,pair_travel_025,8,1;3;4;9;10;11;12;15,16787.215337417125,253,true,-6636.594249722177,-6636.594249722177,0.0,true
n15_sc1_s43_ms4,2,pair_travel_050,8,1;2;3;9;10;11;12;15,11479.015337417124,250,true,-6636.594249722177,-6636.594249722177,0.0,true
n15_sc1_s43_ms4,2,pair_travel_100,8,1;2;3;4;9;10;11;12,862.6153374171236,278,true,-6636.594249722177,-4982.69803636174,0.24920857764201454,false
n15_sc1_s43_ms4,2,theta4_pair,8,1;2;3;4;5;9;10;12,22946.670880550973,248,true,-6636.594249722177,-4598.292172543646,0.3071307361096934,false
n15_sc1_s43_ms4,2,theta4_pair_travel_050,8,1;2;3;4;9;10;11;12,11479.015337417124,278,true,-6636.594249722177,-4982.69803636174,0.24920857764201454,false
n15_sc1_s43_ms4,3,marginal_rho,8,1;2;3;4;5;6;9;15,22773.882909314565,247,true,-6247.228076437146,-6247.228076437146,0.0,true
n15_sc1_s43_ms4,3,theta_load,8,1;2;3;4;9;10;11;12,22765.0493027837,278,true,-6247.228076437146,-4567.730824460577,0.2688387924095773,false
n15_sc1_s43_ms4,3,pair,8,1;2;3;4;5;9;10;11,22836.770239323992,229,true,-6247.228076437146,-4567.730824460577,0.2688387924095773,false
n15_sc1_s43_ms4,3,pair_travel_025,8,1;2;3;9;10;11;12;15,16697.288883463276,241,true,-6247.228076437146,-6247.228076437146,0.0,true
n15_sc1_s43_ms4,3,pair_travel_050,8,2;3;5;9;10;11;12;15,11389.088883463275,148,true,-6247.228076437146,-4525.313602467555,0.27562855924280827,false
n15_sc1_s43_ms4,3,pair_travel_100,8,1;2;3;4;9;10;11;12,772.6888834632744,278,true,-6247.228076437146,-4567.730824460577,0.2688387924095773,false
n15_sc1_s43_ms4,3,theta4_pair,8,1;2;3;4;5;9;10;12,22820.844375505898,243,true,-6247.228076437146,-4520.2849606424825,0.2764334989318264,false
n15_sc1_s43_ms4,3,theta4_pair_travel_050,8,2;3;5;6;9;10;11;12,11389.088883463275,166,true,-6247.228076437146,-4531.194661487412,0.2746871722872017,false
n15_sc1_s43_ms4,4,marginal_rho,8,1;2;3;4;5;6;13;15,22746.277517356397,131,true,-6219.783996442704,-5704.302459257566,0.08287772332286118,false
n15_sc1_s43_ms4,4,theta_load,8,1;2;3;4;9;10;11;12,22741.810195376518,274,true,-6219.783996442704,-4536.788090809532,0.270587516639763,false
n15_sc1_s43_ms4,4,pair,8,1;2;3;4;5;9;10;11,22813.53113191681,225,true,-6219.783996442704,-4536.788090809532,0.270587516639763,false
n15_sc1_s43_ms4,4,pair_travel_025,8,3;4;5;9;10;11;12;15,16361.823140437104,142,true,-6219.783996442704,-4536.788090809532,0.270587516639763,false
n15_sc1_s43_ms4,4,pair_travel_050,8,3;4;5;9;10;11;12;15,11053.623140437103,142,true,-6219.783996442704,-4536.788090809532,0.270587516639763,false
n15_sc1_s43_ms4,4,pair_travel_100,8,1;2;3;4;9;10;11;12,647.777591454276,274,true,-6219.783996442704,-4536.788090809532,0.270587516639763,false
n15_sc1_s43_ms4,4,theta4_pair,8,1;2;3;4;5;9;10;12,22797.60526809872,239,true,-6219.783996442704,-4489.342226991439,0.27821573392917837,false
n15_sc1_s43_ms4,4,theta4_pair_travel_050,8,3;4;5;7;9;10;11;12,11053.623140437103,111,true,-6219.783996442704,-4536.788090809532,0.270587516639763,false
n15_sc1_s43_ms4,5,marginal_rho,8,1;2;3;4;5;6;9;13,19253.0006369327,30,true,-2670.4074636100886,-1916.400786973436,0.28235641448414805,false
n15_sc1_s43_ms4,5,theta_load,8,1;2;3;4;5;9;11;15,19277.0673009342,106,true,-2670.4074636100886,-2670.4074636100886,0.0,true
n15_sc1_s43_ms4,5,pair,8,1;2;3;4;5;9;10;11,19305.387920882928,82,true,-2670.4074636100886,-2608.1829334530285,0.023301511475308574,false
n15_sc1_s43_ms4,5,pair_travel_025,8,1;2;3;9;10;11;12;15,10441.89120272888,87,true,-2670.4074636100886,-2670.4074636100886,0.0,true
n15_sc1_s43_ms4,5,pair_travel_050,8,1;2;3;4;9;10;11;12,3661.217069634937,121,true,-2670.4074636100886,-2608.1829334530285,0.023301511475308574,false
n15_sc1_s43_ms4,5,pair_travel_100,8,1;2;3;4;5;9;11;12,199.99999999999977,121,true,-2670.4074636100886,-2608.1829334530285,0.023301511475308574,false
n15_sc1_s43_ms4,5,theta4_pair,8,1;2;3;4;5;9;10;11,19305.387920882928,82,true,-2670.4074636100886,-2608.1829334530285,0.023301511475308574,false
n15_sc1_s43_ms4,5,theta4_pair_travel_050,8,1;2;3;4;9;10;11;12,3661.217069634937,121,true,-2670.4074636100886,-2608.1829334530285,0.023301511475308574,false
n15_sc1_s43_ms4,6,marginal_rho,8,1;2;3;4;5;6;13;15,15622.247832681516,0,false,-829.1991579935475,,,false
n15_sc1_s43_ms4,6,theta_load,8,1;2;3;4;5;9;11;15,15647.378131314115,12,true,-829.1991579935475,-829.1991579935466,1.09683505223724e-15,true
n15_sc1_s43_ms4,6,pair,8,1;2;3;4;5;10;11;13,15685.13516269094,2,true,-829.1991579935475,-291.57197293242734,0.6483691883648822,false
n15_sc1_s43_ms4,6,pair_travel_025,8,1;2;3;4;9;10;11;12,8285.283289263332,30,true,-829.1991579935475,-829.1991579935475,0.0,true
n15_sc1_s43_ms4,6,pair_travel_050,8,1;2;3;4;5;9;11;12,4864.212672410653,29,true,-829.1991579935475,-829.1991579935475,0.0,true
n15_sc1_s43_ms4,6,pair_travel_100,8,1;2;3;4;5;9;11;12,199.99999999999977,29,true,-829.1991579935475,-829.1991579935475,0.0,true
n15_sc1_s43_ms4,6,theta4_pair,8,1;2;3;4;5;9;10;11,15675.698751262844,12,true,-829.1991579935475,-829.1991579935466,1.09683505223724e-15,true
n15_sc1_s43_ms4,6,theta4_pair_travel_050,8,1;2;3;4;5;9;11;12,4864.212672410653,29,true,-829.1991579935475,-829.1991579935475,0.0,true
n15_sc1_s43_ms4,7,marginal_rho,8,1;2;3;5;10;11;12;15,14340.024589560016,0,false,-80.89022448135074,,,false
n15_sc1_s43_ms4,7,theta_load,8,1;2;3;4;5;9;11;15,14394.432835224707,2,true,-80.89022448135074,-80.89022448135074,0.0,true
n15_sc1_s43_ms4,7,pair,8,1;2;3;4;5;9;10;11,14422.753455173435,1,true,-80.89022448135074,-37.52028066881758,0.5361580350482538,false
n15_sc1_s43_ms4,7,pair_travel_025,8,1;2;3;9;10;11;12;15,10144.313855513092,4,true,-80.89022448135074,-80.89022448135074,0.0,true
n15_sc1_s43_ms4,7,pair_travel_050,8,1;2;3;9;10;11;12;15,6878.393855513092,4,true,-80.89022448135074,-80.89022448135074,0.0,true
n15_sc1_s43_ms4,7,pair_travel_100,8,1;2;3;4;5;6;7;10,200.0,0,false,-80.89022448135074,,,false
n15_sc1_s43_ms4,7,theta4_pair,8,1;2;3;4;9;10;11;15,14396.815599195525,2,true,-80.89022448135074,-80.89022448135074,0.0,true
n15_sc1_s43_ms4,7,theta4_pair_travel_050,8,1;2;3;9;10;11;12;15,6878.393855513092,4,true,-80.89022448135074,-80.89022448135074,0.0,true
n15_sc1_s43_ms4,8,marginal_rho,8,1;2;3;5;10;11;12;15,14316.785482152834,0,false,-37.52028066881758,,,false
n15_sc1_s43_ms4,8,theta_load,8,1;2;3;4;5;9;11;15,14371.193727817528,1,true,-37.52028066881758,-37.52028066881758,0.0,true
n15_sc1_s43_ms4,8,pair,8,1;2;3;4;5;10;11;13,14408.950759194355,0,false,-37.52028066881758,,,false
n15_sc1_s43_ms4,8,pair_travel_025,8,1;2;3;9;10;11;12;15,10144.31385551309,2,true,-37.52028066881758,-37.52028066881758,0.0,true
n15_sc1_s43_ms4,8,pair_travel_050,8,1;2;3;9;10;11;12;15,6878.39385551309,2,true,-37.52028066881758,-37.52028066881758,0.0,true
n15_sc1_s43_ms4,8,pair_travel_100,8,1;2;3;4;5;6;7;10,200.0,0,false,-37.52028066881758,,,false
n15_sc1_s43_ms4,8,theta4_pair,8,1;2;3;4;9;10;11;15,14373.576491788343,1,true,-37.52028066881758,-37.52028066881758,0.0,true
n15_sc1_s43_ms4,8,theta4_pair_travel_050,8,1;2;3;9;10;11;12;15,6878.39385551309,2,true,-37.52028066881758,-37.52028066881758,0.0,true
n15_sc1_s43_ms4,9,marginal_rho,8,1;2;3;5;10;11;12;15,14316.785482152834,0,false,-37.520280668819396,,,false
n15_sc1_s43_ms4,9,theta_load,8,1;2;3;4;5;9;11;15,14371.193727817528,1,true,-37.520280668819396,-37.52028066881758,4.8480165156586827e-14,true
n15_sc1_s43_ms4,9,pair,8,1;2;3;4;5;10;11;13,14408.950759194355,0,false,-37.520280668819396,,,false
n15_sc1_s43_ms4,9,pair_travel_025,8,1;2;3;9;10;11;12;15,10106.793574844274,2,true,-37.520280668819396,-37.520280668819396,0.0,true
n15_sc1_s43_ms4,9,pair_travel_050,8,1;2;3;9;10;11;12;15,6840.873574844274,2,true,-37.520280668819396,-37.520280668819396,0.0,true
n15_sc1_s43_ms4,9,pair_travel_100,8,1;2;3;4;5;6;7;10,200.0,0,false,-37.520280668819396,,,false
n15_sc1_s43_ms4,9,theta4_pair,8,1;2;3;4;9;10;11;15,14373.576491788343,1,true,-37.520280668819396,-37.52028066881758,4.8480165156586827e-14,true
n15_sc1_s43_ms4,9,theta4_pair_travel_050,8,1;2;3;9;10;11;12;15,6840.873574844274,2,true,-37.520280668819396,-37.520280668819396,0.0,true
n15_sc3_s42_ms4,1,marginal_rho,8,1;2;3;4;6;10;13;14,65422.46036616592,203,true,-10265.095662953194,-7015.936121976225,0.3165250132741782,false
n15_sc3_s42_ms4,1,theta_load,8,1;3;4;9;10;11;12;15,78420.94300098812,735,true,-10265.095662953194,-10265.095662953194,0.0,true
n15_sc3_s42_ms4,1,pair,8,1;2;3;4;5;7;8;13,78886.31810063704,119,true,-10265.095662953194,-5974.894730755728,0.41794066739005975,false
n15_sc3_s42_ms4,1,pair_travel_025,8,1;3;4;9;10;11;12;15,60059.1485081824,735,true,-10265.095662953194,-10265.095662953194,0.0,true
n15_sc3_s42_ms4,1,pair_travel_050,8,1;3;4;9;10;11;12;15,42738.828508182385,735,true,-10265.095662953194,-10265.095662953194,0.0,true
n15_sc3_s42_ms4,1,pair_travel_100,8,1;3;4;9;10;11;12;15,8098.188508182392,735,true,-10265.095662953194,-10265.095662953194,0.0,true
n15_sc3_s42_ms4,1,theta4_pair,8,1;2;3;5;8;9;10;12,78746.4607037218,484,true,-10265.095662953194,-10265.095662953194,0.0,true
n15_sc3_s42_ms4,1,theta4_pair_travel_050,8,1;3;4;9;10;11;12;15,42738.828508182385,735,true,-10265.095662953194,-10265.095662953194,0.0,true
n15_sc3_s42_ms4,2,marginal_rho,8,1;2;3;4;6;10;13;14,60444.47723708207,147,true,-6981.650368959582,-5947.155869890856,0.14817334647235975,false
n15_sc3_s42_ms4,2,theta_load,8,1;3;4;9;10;11;12;15,70287.46843989054,653,true,-6981.650368959582,-6981.650368959582,0.0,true
n15_sc3_s42_ms4,2,pair,8,1;2;3;4;5;8;11;13,70761.57079319,187,true,-6981.650368959582,-5748.09174276713,0.17668582083068118,false
n15_sc3_s42_ms4,2,pair_travel_025,8,1;3;4;9;10;11;12;15,46186.855912090745,653,true,-6981.650368959582,-6981.650368959582,0.0,true
n15_sc3_s42_ms4,2,pair_travel_050,8,1;3;4;9;10;11;12;15,25623.382891056463,653,true,-6981.650368959582,-6981.650368959582,0.0,true
n15_sc3_s42_ms4,2,pair_travel_100,8,1;2;3;4;9;10;12;15,1526.762040813389,643,true,-6981.650368959582,-6903.677314154915,0.011168284099607094,false
n15_sc3_s42_ms4,2,theta4_pair,8,1;2;3;5;8;9;10;12,70570.5302152274,383,true,-6981.650368959582,-6903.677314154915,0.011168284099607094,false
n15_sc3_s42_ms4,2,theta4_pair_travel_050,8,1;3;4;9;10;11;12;15,25623.382891056463,653,true,-6981.650368959582,-6981.650368959582,0.0,true
n15_sc3_s42_ms4,3,marginal_rho,8,1;2;3;4;6;10;13;14,50716.21869682686,58,true,-6783.376440834147,-3186.7600077356055,0.5302103553398354,false
n15_sc3_s42_ms4,3,theta_load,8,1;2;3;4;9;10;11;12,61879.619464479954,477,true,-6783.376440834147,-6783.376440834147,0.0,true
n15_sc3_s42_ms4,3,pair,8,1;2;3;4;5;7;8;11,62266.18638008012,108,true,-6783.376440834147,-5629.59668687357,0.17008930051635124,false
n15_sc3_s42_ms4,3,pair_travel_025,8,1;3;4;9;10;11;12;15,39608.02002368873,400,true,-6783.376440834147,-6783.376440834147,0.0,true
n15_sc3_s42_ms4,3,pair_travel_050,8,1;3;4;9;10;11;12;15,22599.35152380926,400,true,-6783.376440834147,-6783.376440834147,0.0,true
n15_sc3_s42_ms4,3,pair_travel_100,8,1;2;3;4;5;9;12;15,748.1313707635122,348,true,-6783.376440834147,-6783.376440834147,0.0,true
n15_sc3_s42_ms4,3,theta4_pair,8,1;2;3;5;8;9;10;12,62093.23915263947,201,true,-6783.376440834147,-6783.376440834147,0.0,true
n15_sc3_s42_ms4,3,theta4_pair_travel_050,8,1;3;4;9;10;11;12;15,22599.35152380926,400,true,-6783.376440834147,-6783.376440834147,0.0,true
n15_sc3_s42_ms4,4,marginal_rho,8,1;2;3;4;6;10;13;14,51524.534046903726,46,true,-4116.665091259169,-4022.0203111146584,0.022990643651208717,false
n15_sc3_s42_ms4,4,theta_load,8,1;3;4;9;10;11;12;15,55868.484164463356,173,true,-4116.665091259169,-4116.665091259169,0.0,true
n15_sc3_s42_ms4,4,pair,8,1;2;3;4;5;7;8;13,56386.96138764958,1,true,-4116.665091259169,-54.77123220219892,0.9866952421467334,false
n15_sc3_s42_ms4,4,pair_travel_025,8,1;2;3;4;9;10;12;15,30804.939944242094,179,true,-4116.665091259169,-4116.665091259169,0.0,true
n15_sc3_s42_ms4,4,pair_travel_050,8,1;2;3;4;9;10;12;15,13332.438509760179,179,true,-4116.665091259169,-4116.665091259169,0.0,true
n15_sc3_s42_ms4,4,pair_travel_100,8,1;2;3;4;5;6;7;12,200.0,42,true,-4116.665091259169,-3599.3001001476296,0.12567575443774856,false
n15_sc3_s42_ms4,4,theta4_pair,8,1;2;3;5;8;9;10;12,56188.871222117654,88,true,-4116.665091259169,-4116.665091259169,0.0,true
n15_sc3_s42_ms4,4,theta4_pair_travel_050,8,1;2;3;4;9;10;12;15,13332.438509760179,179,true,-4116.665091259169,-4116.665091259169,0.0,true
n15_sc3_s42_ms4,5,marginal_rho,8,1;2;3;4;6;8;10;13,44242.68096625691,8,true,-4404.459677907555,-882.9670691487918,0.7995288562686385,false
n15_sc3_s42_ms4,5,theta_load,8,1;3;4;9;10;11;12;15,51971.4299015343,93,true,-4404.459677907555,-4404.459677907555,0.0,true
n15_sc3_s42_ms4,5,pair,8,1;2;3;4;5;8;11;13,52401.79835636033,16,true,-4404.459677907555,-3236.4127487642454,0.2651964178494235,false
n15_sc3_s42_ms4,5,pair_travel_025,8,1;2;3;4;9;10;12;15,30585.06962353996,93,true,-4404.459677907555,-4404.459677907555,0.0,true
n15_sc3_s42_ms4,5,pair_travel_050,8,2;3;4;5;9;10;12;15,14045.534283271223,55,true,-4404.459677907555,-2081.563812286344,0.5273963290599947,false
n15_sc3_s42_ms4,5,pair_travel_100,8,1;2;3;4;5;6;10;12,673.3807489389651,53,true,-4404.459677907555,-3861.3727487642427,0.12330387127106553,false
n15_sc3_s42_ms4,5,theta4_pair,8,1;2;3;5;8;9;10;11,52276.5218435819,36,true,-4404.459677907555,-3779.499677907559,0.14189254657835756,false
n15_sc3_s42_ms4,5,theta4_pair_travel_050,8,1;3;4;9;10;11;12;15,14045.534283271221,93,true,-4404.459677907555,-4404.459677907555,0.0,true
n15_sc3_s42_ms4,6,marginal_rho,8,1;2;3;4;5;6;10;13,49747.65780245888,9,true,-4683.163660661963,-2082.2798339427427,0.5553689802827831,false
n15_sc3_s42_ms4,6,theta_load,8,1;3;4;9;10;11;12;15,50106.207706888636,122,true,-4683.163660661963,-4683.163660661963,0.0,true
n15_sc3_s42_ms4,6,pair,8,1;2;3;4;5;7;8;13,50612.37595680673,0,false,-4683.163660661963,,,false
n15_sc3_s42_ms4,6,pair_travel_025,8,1;2;3;4;9;10;12;15,28876.13405865817,97,true,-4683.163660661963,-4683.163660661963,0.0,true
n15_sc3_s42_ms4,6,pair_travel_050,8,1;2;3;4;9;10;12;15,13293.320992599067,97,true,-4683.163660661963,-4683.163660661963,0.0,true
n15_sc3_s42_ms4,6,pair_travel_100,8,1;2;3;4;5;6;10;12,598.1941825727918,51,true,-4683.163660661963,-4164.378362604293,0.11077667483957626,false
n15_sc3_s42_ms4,6,theta4_pair,8,1;2;3;5;8;9;10;11,50498.3201326202,41,true,-4683.163660661963,-4070.982368829287,0.13071960242921435,false
n15_sc3_s42_ms4,6,theta4_pair_travel_050,8,1;3;4;9;10;11;12;15,13293.320992599067,122,true,-4683.163660661963,-4683.163660661963,0.0,true
n15_sc3_s42_ms4,7,marginal_rho,8,1;2;3;5;6;8;10;15,47927.32177138461,10,true,-2219.833786910658,-2188.0969715591855,0.014296933193201248,false
n15_sc3_s42_ms4,7,theta_load,8,1;3;4;9;10;11;12;15,48123.16893313354,64,true,-2219.833786910658,-2032.0342480020172,0.08460072101614484,false
n15_sc3_s42_ms4,7,pair,8,1;2;3;4;5;7;8;11,48645.736905891026,14,true,-2219.833786910658,-1057.6422746122953,0.5235488887281892,false
n15_sc3_s42_ms4,7,pair_travel_025,8,1;2;3;4;9;10;12;15,29072.727059851928,51,true,-2219.833786910658,-2203.907923092567,0.007174349679691511,false
n15_sc3_s42_ms4,7,pair_travel_050,8,1;2;3;4;9;10;12;15,15521.94411382766,51,true,-2219.833786910658,-2203.907923092567,0.007174349679691511,false
n15_sc3_s42_ms4,7,pair_travel_100,8,1;2;3;4;5;6;10;12,600.0000000000009,37,true,-2219.833786910658,-2203.907923092567,0.007174349679691511,false
n15_sc3_s42_ms4,7,theta4_pair,8,1;2;3;5;8;9;10;11,48522.62787981644,28,true,-2219.833786910658,-2219.833786910658,0.0,true
n15_sc3_s42_ms4,7,theta4_pair_travel_050,8,1;3;4;9;10;11;12;15,15521.94411382766,64,true,-2219.833786910658,-2032.0342480020172,0.08460072101614484,false
n15_sc3_s42_ms4,8,marginal_rho,8,1;2;3;4;5;6;10;15,47890.93191070303,18,true,-2109.9155218293,-2069.170276375675,0.019311316037098448,false
n15_sc3_s42_ms4,8,theta_load,8,1;3;4;9;10;11;12;15,48112.72035671358,68,true,-2109.9155218293,-2109.9155218293,0.0,true
n15_sc3_s42_ms4,8,pair,8,1;2;3;4;5;7;8;13,48623.36152950486,0,false,-2109.9155218293,,,false
n15_sc3_s42_ms4,8,pair_travel_025,8,1;2;3;4;9;10;12;15,29200.223466688964,55,true,-2109.9155218293,-2109.9155218293,0.0,true
n15_sc3_s42_ms4,8,pair_travel_050,8,1;3;4;5;9;10;12;15,15441.931053801736,38,true,-2109.9155218293,-2109.9155218293,0.0,true
n15_sc3_s42_ms4,8,pair_travel_100,8,1;2;3;4;5;6;10;12,600.0000000000009,36,true,-2109.9155218293,-2069.170276375675,0.019311316037098448,false
n15_sc3_s42_ms4,8,theta4_pair,8,1;2;3;5;8;9;10;11,48495.50300933924,29,true,-2109.9155218293,-2085.0961401937675,0.01176321107586998,false
n15_sc3_s42_ms4,8,theta4_pair_travel_050,8,1;3;4;9;10;11;12;15,15441.931053801736,68,true,-2109.9155218293,-2109.9155218293,0.0,true
n15_sc3_s42_ms4,9,marginal_rho,8,1;2;3;5;6;10;13;15,48055.381560401074,10,true,-2430.9446124763235,-884.8103607715966,0.6360219989256484,false
n15_sc3_s42_ms4,9,theta_load,8,1;3;4;9;10;11;12;15,48190.31324219532,40,true,-2430.9446124763235,-2430.9446124763235,0.0,true
n15_sc3_s42_ms4,9,pair,8,1;2;3;4;5;8;11;13,48918.07472795225,8,true,-2430.9446124763235,-1271.2956354663365,0.47703636317270537,false
n15_sc3_s42_ms4,9,pair_travel_025,8,1;2;3;4;9;10;12;15,26924.76330356737,38,true,-2430.9446124763235,-2430.9446124763235,0.0,true
n15_sc3_s42_ms4,9,pair_travel_050,8,1;3;4;5;9;10;12;15,13174.823659354557,26,true,-2430.9446124763235,-2430.9446124763235,0.0,true
n15_sc3_s42_ms4,9,pair_travel_100,8,1;2;3;4;5;6;9;12,400.0000000000018,31,true,-2430.9446124763235,-2430.9446124763235,0.0,true
n15_sc3_s42_ms4,9,theta4_pair,8,1;2;3;5;8;9;10;11,48780.37437814698,17,true,-2430.9446124763235,-1788.7382630770735,0.26417975387150244,false
n15_sc3_s42_ms4,9,theta4_pair_travel_050,8,1;3;4;9;10;11;12;15,13174.823659354557,40,true,-2430.9446124763235,-2430.9446124763235,0.0,true
n15_sc3_s42_ms4,10,marginal_rho,8,1;2;3;5;6;10;13;15,46228.63818918169,1,true,-1657.7253425276303,-602.7169406878565,0.6364192998528581,false
n15_sc3_s42_ms4,10,theta_load,8,1;3;4;9;10;11;12;15,47328.77311942171,43,true,-1657.7253425276303,-1657.7253425276303,0.0,true
n15_sc3_s42_ms4,10,pair,8,1;2;3;4;5;7;8;11,47982.42281324626,4,true,-1657.7253425276303,-657.4022285242263,0.6034311525202077,false
n15_sc3_s42_ms4,10,pair_travel_025,8,1;3;4;9;10;11;12;15,28062.136986238915,43,true,-1657.7253425276303,-1657.7253425276303,0.0,true
n15_sc3_s42_ms4,10,pair_travel_050,8,1;2;3;4;9;10;12;15,15417.813831620537,33,true,-1657.7253425276303,-1657.7253425276303,0.0,true
n15_sc3_s42_ms4,10,pair_travel_100,8,1;2;3;4;5;6;7;12,757.6022992936523,14,true,-1657.7253425276303,-1275.3416785747522,0.23066768308544736,false
n15_sc3_s42_ms4,10,theta4_pair,8,1;2;3;5;8;9;10;11,47822.28662839022,12,true,-1657.7253425276303,-1591.6528503640875,0.03985732163736984,false
n15_sc3_s42_ms4,10,theta4_pair_travel_050,8,1;3;4;9;10;11;12;15,15417.813831620537,43,true,-1657.7253425276303,-1657.7253425276303,0.0,true
n15_sc3_s42_ms4,11,marginal_rho,8,1;2;3;5;6;8;10;15,46146.22534545324,1,true,-1001.2624671139638,-42.662749420389446,0.9573910429866003,false
n15_sc3_s42_ms4,11,theta_load,8,1;3;4;9;10;11;12;15,47058.35531232596,26,true,-1001.2624671139638,-1001.2624671139638,0.0,true
n15_sc3_s42_ms4,11,pair,8,1;2;3;4;5;7;8;13,47672.09482461526,0,false,-1001.2624671139638,,,false
n15_sc3_s42_ms4,11,pair_travel_025,8,1;3;4;9;10;11;12;15,27489.569192157855,26,true,-1001.2624671139638,-1001.2624671139638,0.0,true
n15_sc3_s42_ms4,11,pair_travel_050,8,1;2;3;4;9;10;12;15,15500.558483055189,22,true,-1001.2624671139638,-1001.2624671139638,0.0,true
n15_sc3_s42_ms4,11,pair_travel_100,8,1;2;3;4;5;6;7;12,794.4897176544496,4,true,-1001.2624671139638,-541.7475752911232,0.45893550084559254,false
n15_sc3_s42_ms4,11,theta4_pair,8,1;2;3;5;8;9;10;11,47523.64813227134,9,true,-1001.2624671139638,-799.7795156101274,0.2012289066268411,false
n15_sc3_s42_ms4,11,theta4_pair_travel_050,8,1;3;4;9;10;11;12;15,15500.558483055189,26,true,-1001.2624671139638,-1001.2624671139638,0.0,true
n15_sc3_s42_ms4,12,marginal_rho,8,1;2;3;5;10;11;12;15,46699.48415083255,2,true,-531.2271873022055,-425.4925585372366,0.1990384364586716,false
n15_sc3_s42_ms4,12,theta_load,8,1;3;4;9;10;11;12;15,46414.145565134524,9,true,-531.2271873022055,-531.2271873022055,0.0,true
n15_sc3_s42_ms4,12,pair,8,1;2;3;4;5;7;8;11,46971.68946045106,0,false,-531.2271873022055,,,false
n15_sc3_s42_ms4,12,pair_travel_025,8,1;3;4;5;9;10;12;15,26044.004285820338,6,true,-531.2271873022055,-531.2271873022055,0.0,true
n15_sc3_s42_ms4,12,pair_travel_050,8,1;3;4;5;9;10;12;15,13234.967750673966,6,true,-531.2271873022055,-531.2271873022055,0.0,true
n15_sc3_s42_ms4,12,pair_travel_100,8,1;2;3;4;5;6;7;12,568.2631846485265,2,true,-531.2271873022055,-316.6280136178748,0.40396873280178924,false
n15_sc3_s42_ms4,12,theta4_pair,8,1;2;3;5;7;9;10;11,46791.1509225879,3,true,-531.2271873022055,-425.4925585372366,0.1990384364586716,false
n15_sc3_s42_ms4,12,theta4_pair_travel_050,8,1;3;4;9;10;11;12;15,13234.967750673966,9,true,-531.2271873022055,-531.2271873022055,0.0,true
n15_sc3_s42_ms4,13,marginal_rho,8,1;2;3;4;5;6;10;15,45252.183379294525,0,false,-455.27593559995694,,,false
n15_sc3_s42_ms4,13,theta_load,8,1;3;4;9;10;11;12;15,46296.85340386561,9,true,-455.27593559995694,-428.52574981633825,0.058755984430338117,false
n15_sc3_s42_ms4,13,pair,8,1;2;3;4;5;7;8;11,46797.534209911944,0,false,-455.27593559995694,,,false
n15_sc3_s42_ms4,13,pair_travel_025,8,1;2;3;4;9;10;12;15,26912.01872581467,8,true,-455.27593559995694,-428.52574981633825,0.058755984430338117,false
n15_sc3_s42_ms4,13,pair_travel_050,8,1;2;3;4;9;10;12;15,14649.727711914216,8,true,-455.27593559995694,-428.52574981633825,0.058755984430338117,false
n15_sc3_s42_ms4,13,pair_travel_100,8,1;2;3;4;5;6;7;12,499.2096863438528,1,true,-455.27593559995694,-189.89747432962758,0.582895867141796,false
n15_sc3_s42_ms4,13,theta4_pair,8,1;2;3;5;8;9;10;11,46674.425183837346,1,true,-455.27593559995694,-455.27593559995694,0.0,true
n15_sc3_s42_ms4,13,theta4_pair_travel_050,8,1;3;4;9;10;11;12;15,14649.727711914216,9,true,-455.27593559995694,-428.52574981633825,0.058755984430338117,false
n15_sc3_s42_ms4,14,marginal_rho,8,1;2;3;4;5;6;10;15,45237.26715671891,0,false,-394.51654752395734,,,false
n15_sc3_s42_ms4,14,theta_load,8,1;3;4;9;10;11;12;15,46246.45891434299,7,true,-394.51654752395734,-347.6355253349884,0.11883157368987682,false
n15_sc3_s42_ms4,14,pair,8,1;2;3;4;5;7;8;13,46779.04459659579,0,false,-394.51654752395734,,,false
n15_sc3_s42_ms4,14,pair_travel_025,8,1;2;3;4;9;10;12;15,26394.59198453485,6,true,-394.51654752395734,-347.6355253349884,0.11883157368987682,false
n15_sc3_s42_ms4,14,pair_travel_050,8,1;2;3;4;9;10;12;15,14527.785275745215,6,true,-394.51654752395734,-347.6355253349884,0.11883157368987682,false
n15_sc3_s42_ms4,14,pair_travel_100,8,1;2;3;4;5;6;7;12,499.2096863438528,1,true,-394.51654752395734,-119.23365567157089,0.6977727387611534,false
n15_sc3_s42_ms4,14,theta4_pair,8,1;2;3;5;8;9;10;11,46651.18607643017,1,true,-394.51654752395734,-394.51654752395734,0.0,true
n15_sc3_s42_ms4,14,theta4_pair_travel_050,8,1;3;4;9;10;11;12;15,14527.785275745215,7,true,-394.51654752395734,-347.6355253349884,0.11883157368987682,false
n15_sc3_s42_ms4,15,marginal_rho,8,1;2;3;4;5;6;10;15,45573.53623621755,0,false,-69.46402305372067,,,false
n15_sc3_s42_ms4,15,theta_load,8,1;2;3;9;10;11;12;15,46361.567516480485,3,true,-69.46402305372067,-69.46402305372067,0.0,true
n15_sc3_s42_ms4,15,pair,8,1;2;3;4;5;7;8;13,46740.76492279548,0,false,-69.46402305372067,,,false
n15_sc3_s42_ms4,15,pair_travel_025,8,1;3;4;5;9;10;12;15,28171.522605295213,3,true,-69.46402305372067,-69.46402305372067,0.0,true
n15_sc3_s42_ms4,15,pair_travel_050,8,1;2;3;4;9;10;12;15,15301.184356224388,3,true,-69.46402305372067,-69.46402305372067,0.0,true
n15_sc3_s42_ms4,15,pair_travel_100,8,1;2;3;4;5;6;7;12,778.8749231553429,0,false,-69.46402305372067,,,false
n15_sc3_s42_ms4,15,theta4_pair,8,1;2;3;5;8;9;10;11,46600.22089999063,0,false,-69.46402305372067,,,false
n15_sc3_s42_ms4,15,theta4_pair_travel_050,8,1;3;4;9;10;11;12;15,15301.184356224388,3,true,-69.46402305372067,-69.46402305372067,0.0,true
n15_sc3_s42_ms4,16,marginal_rho,8,1;2;3;4;5;6;10;15,45554.307629455354,0,false,-33.524593700869445,,,false
n15_sc3_s42_ms4,16,theta_load,8,1;2;3;9;10;11;12;15,46338.43262031767,3,true,-33.524593700869445,-33.524593700869445,0.0,true
n15_sc3_s42_ms4,16,pair,8,1;2;3;4;5;7;8;13,46738.49500162879,0,false,-33.524593700869445,,,false
n15_sc3_s42_ms4,16,pair_travel_025,8,1;2;3;4;9;10;12;15,28147.988693510655,2,true,-33.524593700869445,-33.524593700869445,0.0,true
n15_sc3_s42_ms4,16,pair_travel_050,8,1;2;3;4;9;10;12;15,15274.315451715102,2,true,-33.524593700869445,-33.524593700869445,0.0,true
n15_sc3_s42_ms4,16,pair_travel_100,8,1;2;3;4;5;6;7;12,795.2435086938576,0,false,-33.524593700869445,,,false
n15_sc3_s42_ms4,16,theta4_pair,8,1;2;3;5;8;9;10;11,46590.721665740384,1,true,-33.524593700869445,-11.169372511949405,0.6668304883390807,false
n15_sc3_s42_ms4,16,theta4_pair_travel_050,8,1;3;4;9;10;11;12;15,15274.315451715102,3,true,-33.524593700869445,-33.524593700869445,0.0,true
n15_sc3_s42_ms4,17,marginal_rho,8,1;2;3;4;5;6;10;13,45595.96009448768,0,false,-23.450937415685985,,,false
n15_sc3_s42_ms4,17,theta_load,8,1;2;3;9;10;11;12;15,46344.43425727594,3,true,-23.450937415685985,-23.450937415685985,0.0,true
n15_sc3_s42_ms4,17,pair,8,1;2;3;4;5;7;8;13,46744.360262827715,0,false,-23.450937415685985,,,false
n15_sc3_s42_ms4,17,pair_travel_025,8,1;2;3;4;9;10;12;15,28085.81394936754,2,true,-23.450937415685985,-15.050147195184763,0.35822833311908703,false
n15_sc3_s42_ms4,17,pair_travel_050,8,1;2;3;4;9;10;12;15,15212.140707571984,2,true,-23.450937415685985,-15.050147195184763,0.35822833311908703,false
n15_sc3_s42_ms4,17,pair_travel_100,8,1;2;3;4;5;6;7;12,594.8007869734361,0,false,-23.450937415685985,,,false
n15_sc3_s42_ms4,17,theta4_pair,8,1;2;3;5;8;9;10;11,46594.04176675073,1,true,-23.450937415685985,-23.450937415685985,0.0,true
n15_sc3_s42_ms4,17,theta4_pair_travel_050,8,1;3;4;9;10;11;12;15,15212.140707571984,2,true,-23.450937415685985,-15.050147195184763,0.35822833311908703,false
n15_sc3_s42_ms4,18,marginal_rho,8,1;2;3;4;5;6;10;13,45603.124471651514,0,false,-46.90187483137015,,,false
n15_sc3_s42_ms4,18,theta_load,8,1;2;3;9;10;11;12;15,46346.49648175497,2,true,-46.90187483137015,-46.90187483137015,0.0,true
n15_sc3_s42_ms4,18,pair,8,1;2;3;4;5;7;8;13,46751.52463999154,0,false,-46.90187483137015,,,false
n15_sc3_s42_ms4,18,pair_travel_025,8,1;3;4;5;9;10;12;15,28106.479830154247,2,true,-46.90187483137015,-46.90187483137015,0.0,true
n15_sc3_s42_ms4,18,pair_travel_050,8,1;2;3;4;9;10;12;15,15232.80658835869,2,true,-46.90187483137015,-46.90187483137015,0.0,true
n15_sc3_s42_ms4,18,pair_travel_100,8,1;2;3;4;5;6;7;12,594.8007869734361,0,false,-46.90187483137015,,,false
n15_sc3_s42_ms4,18,theta4_pair,8,1;2;3;5;8;9;10;11,46585.0604676978,0,false,-46.90187483137015,,,false
n15_sc3_s42_ms4,18,theta4_pair_travel_050,8,1;3;4;9;10;11;12;15,15232.80658835869,2,true,-46.90187483137015,-46.90187483137015,0.0,true
n15_sc3_s42_ms4,19,marginal_rho,8,1;2;3;4;5;6;10;13,45603.12447165151,0,false,-16.506372650515914,,,false
n15_sc3_s42_ms4,19,theta_load,8,1;2;3;9;10;11;12;15,46346.49648175497,1,true,-16.506372650515914,-16.506372650515914,0.0,true
n15_sc3_s42_ms4,19,pair,8,1;2;3;4;5;7;8;13,46751.52463999155,0,false,-16.506372650515914,,,false
n15_sc3_s42_ms4,19,pair_travel_025,8,1;3;4;5;9;10;12;15,28101.280617127682,1,true,-16.506372650515914,-16.506372650515914,0.0,true
n15_sc3_s42_ms4,19,pair_travel_050,8,1;2;3;4;9;10;12;15,15227.607375332123,1,true,-16.506372650515914,-16.506372650515914,0.0,true
n15_sc3_s42_ms4,19,pair_travel_100,8,1;2;3;4;5;6;7;12,594.8007869734361,0,false,-16.506372650515914,,,false
n15_sc3_s42_ms4,19,theta4_pair,8,1;2;3;5;8;9;10;11,46585.0604676978,0,false,-16.506372650515914,,,false
n15_sc3_s42_ms4,19,theta4_pair_travel_050,8,1;3;4;9;10;11;12;15,15227.607375332123,1,true,-16.506372650515914,-16.506372650515914,0.0,true
n15_sc3_s42_ms4,22,marginal_rho,8,1;2;3;4;5;6;10;13,45619.630844302024,0,false,-892.9459716682886,,,false
n15_sc3_s42_ms4,22,theta_load,8,1;2;3;9;10;11;12;15,46363.00285440549,7,true,-892.9459716682886,-892.9459716682886,0.0,true
n15_sc3_s42_ms4,22,pair,8,1;2;3;4;5;7;8;13,46768.031012642066,0,false,-892.9459716682886,,,false
n15_sc3_s42_ms4,22,pair_travel_025,8,1;3;4;5;9;10;12;15,28101.280617127682,8,true,-892.9459716682886,-892.9459716682886,0.0,true
n15_sc3_s42_ms4,22,pair_travel_050,8,1;2;3;4;9;10;12;15,15227.607375332125,8,true,-892.9459716682886,-892.9459716682886,0.0,true
n15_sc3_s42_ms4,22,pair_travel_100,8,1;2;3;4;5;6;7;12,594.8007869734361,4,true,-892.9459716682886,-363.0018705315324,0.5934783491398288,false
n15_sc3_s42_ms4,22,theta4_pair,8,1;2;3;5;8;9;10;11,46601.566840348314,3,true,-892.9459716682886,-254.163583942096,0.7153651038178236,false
n15_sc3_s42_ms4,22,theta4_pair_travel_050,8,1;3;4;9;10;11;12;15,15227.607375332125,11,true,-892.9459716682886,-892.9459716682886,0.0,true
n15_sc3_s42_ms4,23,marginal_rho,8,1;2;3;4;6;10;13;14,41929.43533994752,0,false,-909.7418153489089,,,false
n15_sc3_s42_ms4,23,theta_load,8,1;2;3;9;10;11;12;15,47428.36450679127,8,true,-909.7418153489089,-909.7418153489089,0.0,true
n15_sc3_s42_ms4,23,pair,8,1;2;3;4;5;7;8;13,47823.40853949605,0,false,-909.7418153489089,,,false
n15_sc3_s42_ms4,23,pair_travel_025,8,1;3;4;5;9;10;12;15,28631.494048149987,7,true,-909.7418153489089,-909.7418153489089,0.0,true
n15_sc3_s42_ms4,23,pair_travel_050,8,1;2;3;4;5;9;10;12,15189.812581367227,7,true,-909.7418153489089,-909.7418153489089,0.0,true
n15_sc3_s42_ms4,23,pair_travel_100,8,1;2;3;4;5;6;7;12,577.5498354400552,1,true,-909.7418153489089,-359.1812416336943,0.605183321714261,false
n15_sc3_s42_ms4,23,theta4_pair,8,1;2;3;5;8;9;10;11,47667.01789030141,3,true,-909.7418153489089,-267.53546594965337,0.7059215467115285,false
n15_sc3_s42_ms4,23,theta4_pair_travel_050,8,1;2;3;4;9;10;11;12,15189.812581367227,10,true,-909.7418153489089,-909.7418153489089,0.0,true
n15_sc3_s42_ms4,24,marginal_rho,8,1;2;3;4;6;10;13;14,42398.103795305506,0,false,-920.5869899568352,,,false
n15_sc3_s42_ms4,24,theta_load,8,1;2;3;9;10;11;12;15,47830.270513604926,7,true,-920.5869899568352,-920.5869899568352,0.0,true
n15_sc3_s42_ms4,24,pair,8,1;2;3;4;5;7;8;13,48225.29369366729,0,false,-920.5869899568352,,,false
n15_sc3_s42_ms4,24,pair_travel_025,8,1;2;3;4;9;10;12;15,28958.377369174214,7,true,-920.5869899568352,-920.5869899568352,0.0,true
n15_sc3_s42_ms4,24,pair_travel_050,8,1;3;4;5;7;9;10;12,16118.320871705768,7,true,-920.5869899568352,-920.5869899568352,0.0,true
n15_sc3_s42_ms4,24,pair_travel_100,8,1;2;3;4;5;6;7;12,725.4287786684299,3,true,-920.5869899568352,-373.51429169051517,0.5942650767766894,false
n15_sc3_s42_ms4,24,theta4_pair,8,1;2;3;5;8;9;10;11,48068.903044472674,2,true,-920.5869899568352,-281.8046022306389,0.6938859604741402,false
n15_sc3_s42_ms4,24,theta4_pair_travel_050,8,1;3;4;5;9;10;11;12,16118.320871705768,9,true,-920.5869899568352,-920.5869899568352,0.0,true
n15_sc3_s42_ms4,25,marginal_rho,8,1;2;3;4;6;10;13;14,42619.21212997973,0,false,-1361.1779354927166,,,false
n15_sc3_s42_ms4,25,theta_load,8,1;2;3;9;10;11;12;15,48198.45240920545,9,true,-1361.1779354927166,-1361.1779354927166,0.0,true
n15_sc3_s42_ms4,25,pair,8,1;2;3;4;5;7;8;13,48549.038449063126,0,false,-1361.1779354927166,,,false
n15_sc3_s42_ms4,25,pair_travel_025,8,1;2;3;4;9;10;12;15,28473.083160162012,9,true,-1361.1779354927166,-1361.1779354927166,0.0,true
n15_sc3_s42_ms4,25,pair_travel_050,8,1;3;4;5;7;9;10;12,15540.411794588856,9,true,-1361.1779354927166,-1361.1779354927166,0.0,true
n15_sc3_s42_ms4,25,pair_travel_100,8,1;2;3;4;5;6;7;12,399.99999999999955,2,true,-1361.1779354927166,-831.8160658293,0.38889983143298545,false
n15_sc3_s42_ms4,25,theta4_pair,8,1;2;3;5;8;9;10;11,48421.17992889751,2,true,-1361.1779354927166,-718.971586093463,0.4718019096943333,false
n15_sc3_s42_ms4,25,theta4_pair_travel_050,8,1;3;4;5;9;10;11;12,15540.411794588856,12,true,-1361.1779354927166,-1361.1779354927166,0.0,true
n15_sc3_s42_ms4,26,marginal_rho,8,1;2;3;4;6;10;13;14,42495.78878192195,0,false,-896.3495093179554,,,false
n15_sc3_s42_ms4,26,theta_load,8,1;2;3;9;10;11;12;15,47866.19773891365,4,true,-896.3495093179554,-896.3495093179554,0.0,true
n15_sc3_s42_ms4,26,pair,8,1;2;3;4;5;7;8;13,48216.783778771336,0,false,-896.3495093179554,,,false
n15_sc3_s42_ms4,26,pair_travel_025,8,1;2;3;4;9;10;12;15,28895.923811104163,4,true,-896.3495093179554,-896.3495093179554,0.0,true
n15_sc3_s42_ms4,26,pair_travel_050,8,1;3;4;5;7;9;10;12,16003.55778026137,4,true,-896.3495093179554,-896.3495093179554,0.0,true
n15_sc3_s42_ms4,26,pair_travel_100,8,1;2;3;4;5;6;7;12,594.8007869734374,1,true,-896.3495093179554,-365.18182222732867,0.5925899234270786,false
n15_sc3_s42_ms4,26,theta4_pair,8,1;2;3;5;8;9;10;11,48088.92525860572,1,true,-896.3495093179554,-257.5671215917646,0.7126487838569232,false
n15_sc3_s42_ms4,26,theta4_pair_travel_050,8,1;3;4;5;9;10;11;12,16003.55778026137,5,true,-896.3495093179554,-896.3495093179554,0.0,true
n15_sc3_s42_ms4,27,marginal_rho,8,1;2;3;4;6;10;13;14,42996.409895804,0,false,-866.7194386623651,,,false
n15_sc3_s42_ms4,27,theta_load,8,2;3;4;9;10;11;12;15,45163.864409687834,4,true,-866.7194386623651,-866.7194386623651,0.0,true
n15_sc3_s42_ms4,27,pair,8,1;2;3;4;5;7;8;13,48175.410225433654,0,false,-866.7194386623651,,,false
n15_sc3_s42_ms4,27,pair_travel_025,8,1;2;3;4;9;10;12;15,27398.319493255312,3,true,-866.7194386623651,-866.7194386623651,0.0,true
n15_sc3_s42_ms4,27,pair_travel_050,8,1;2;3;4;5;9;10;12,14505.95346241251,3,true,-866.7194386623651,-866.7194386623651,0.0,true
n15_sc3_s42_ms4,27,pair_travel_100,8,1;2;3;4;5;6;7;12,400.0000000000018,2,true,-866.7194386623651,-363.0018705315324,0.5811771902892078,false
n15_sc3_s42_ms4,27,theta4_pair,8,1;2;3;5;8;9;10;11,48047.551705268015,1,true,-866.7194386623651,-243.8420621118621,0.7186609054387991,false
n15_sc3_s42_ms4,27,theta4_pair_travel_050,8,1;2;3;4;9;10;11;12,14505.95346241251,4,true,-866.7194386623651,-866.7194386623651,0.0,true
n15_sc3_s42_ms4,28,marginal_rho,8,1;2;3;4;6;10;13;14,42517.442383984904,0,false,-13.725059479895208,,,false
n15_sc3_s42_ms4,28,theta_load,8,2;3;4;9;10;11;12;15,44738.59680131442,2,true,-13.725059479895208,-13.725059479895208,0.0,true
n15_sc3_s42_ms4,28,pair,8,1;2;3;4;5;7;8;13,48230.34526987653,0,false,-13.725059479895208,,,false
n15_sc3_s42_ms4,28,pair_travel_025,8,1;2;3;4;9;10;12;15,30804.072474688415,1,true,-13.725059479895208,-13.725059479895208,0.0,true
n15_sc3_s42_ms4,28,pair_travel_050,8,1;3;4;5;7;9;10;12,16771.7963625726,1,true,-13.725059479895208,-13.725059479895208,0.0,true
n15_sc3_s42_ms4,28,pair_travel_100,8,1;2;3;4;5;6;7;12,594.8007869734374,0,false,-13.725059479895208,,,false
n15_sc3_s42_ms4,28,theta4_pair,8,1;2;3;5;8;9;10;11,48102.48674971091,2,true,-13.725059479895208,-4.668149284695573,0.6598813075066385,false
n15_sc3_s42_ms4,28,theta4_pair_travel_050,8,1;3;4;5;9;10;11;12,16771.7963625726,3,true,-13.725059479895208,-13.725059479895208,0.0,true
n15_sc3_s42_ms4,29,marginal_rho,8,1;2;3;4;6;10;13;14,42517.442383984904,0,false,-13.725059479895208,,,false
n15_sc3_s42_ms4,29,theta_load,8,2;3;4;9;10;11;12;15,44733.92865202974,1,true,-13.725059479895208,-13.725059479895208,0.0,true
n15_sc3_s42_ms4,29,pair,8,1;2;3;4;5;7;8;13,48230.34526987653,0,false,-13.725059479895208,,,false
n15_sc3_s42_ms4,29,pair_travel_025,8,1;2;3;4;9;10;12;15,30790.34741520852,1,true,-13.725059479895208,-13.725059479895208,0.0,true
n15_sc3_s42_ms4,29,pair_travel_050,8,1;3;4;5;7;9;10;12,16771.7963625726,1,true,-13.725059479895208,-13.725059479895208,0.0,true
n15_sc3_s42_ms4,29,pair_travel_100,8,1;2;3;4;5;6;7;12,594.8007869734374,0,false,-13.725059479895208,,,false
n15_sc3_s42_ms4,29,theta4_pair,8,1;2;3;5;8;9;10;11,48097.81860042621,0,false,-13.725059479895208,,,false
n15_sc3_s42_ms4,29,theta4_pair_travel_050,8,1;3;4;5;9;10;11;12,16771.7963625726,1,true,-13.725059479895208,-13.725059479895208,0.0,true
n15_sc3_s42_ms4,30,marginal_rho,8,1;2;3;4;6;10;13;14,42517.442383984904,0,false,-13.725059479895208,,,false
n15_sc3_s42_ms4,30,theta_load,8,2;3;4;9;10;11;12;15,44733.928652029725,1,true,-13.725059479895208,-13.725059479895208,0.0,true
n15_sc3_s42_ms4,30,pair,8,1;2;3;4;5;7;8;13,48230.34526987653,0,false,-13.725059479895208,,,false
n15_sc3_s42_ms4,30,pair_travel_025,8,1;2;3;4;9;10;12;15,30790.34741520852,1,true,-13.725059479895208,-13.725059479895208,0.0,true
n15_sc3_s42_ms4,30,pair_travel_050,8,1;3;4;5;7;9;10;12,16771.7963625726,1,true,-13.725059479895208,-13.725059479895208,0.0,true
n15_sc3_s42_ms4,30,pair_travel_100,8,1;2;3;4;5;6;7;12,594.8007869734374,0,false,-13.725059479895208,,,false
n15_sc3_s42_ms4,30,theta4_pair,8,1;2;3;5;8;9;10;11,48097.81860042621,0,false,-13.725059479895208,,,false
n15_sc3_s42_ms4,30,theta4_pair_travel_050,8,1;3;4;5;9;10;11;12,16771.7963625726,1,true,-13.725059479895208,-13.725059479895208,0.0,true
n15_sc3_s42_ms4,31,marginal_rho,8,1;2;3;4;6;10;13;14,42517.44238398492,0,false,-13.725059479895208,,,false
n15_sc3_s42_ms4,31,theta_load,8,2;3;4;9;10;11;12;15,44733.92865202973,1,true,-13.725059479895208,-13.725059479895208,0.0,true
n15_sc3_s42_ms4,31,pair,8,1;2;3;4;5;7;8;13,48230.34526987653,0,false,-13.725059479895208,,,false
n15_sc3_s42_ms4,31,pair_travel_025,8,1;2;3;4;9;10;12;15,30776.62235572862,1,true,-13.725059479895208,-13.725059479895208,0.0,true
n15_sc3_s42_ms4,31,pair_travel_050,8,1;3;4;5;7;9;10;12,16771.7963625726,1,true,-13.725059479895208,-13.725059479895208,0.0,true
n15_sc3_s42_ms4,31,pair_travel_100,8,1;2;3;4;5;6;7;12,594.8007869734374,0,false,-13.725059479895208,,,false
n15_sc3_s42_ms4,31,theta4_pair,8,1;2;3;5;8;9;10;11,48097.81860042621,0,false,-13.725059479895208,,,false
n15_sc3_s42_ms4,31,theta4_pair_travel_050,8,1;3;4;5;9;10;11;12,16771.7963625726,1,true,-13.725059479895208,-13.725059479895208,0.0,true
n15_sc3_s43_ms4,1,marginal_rho,8,1;2;3;4;6;9;10;13,61938.996980758304,230,true,-9193.01404617915,-6466.768827018619,0.296556189892218,false
n15_sc3_s43_ms4,1,theta_load,8,1;2;3;8;9;10;11;12,73817.72716788833,617,true,-9193.01404617915,-9193.01404617915,0.0,true
n15_sc3_s43_ms4,1,pair,8,1;2;3;4;5;7;8;10,74019.54612107828,163,true,-9193.01404617915,-6244.507411168792,0.32073339823034785,false
n15_sc3_s43_ms4,1,pair_travel_025,8,1;2;3;4;9;10;11;12,54226.49949659341,922,true,-9193.01404617915,-9193.01404617915,0.0,true
n15_sc3_s43_ms4,1,pair_travel_050,8,1;2;3;4;9;10;11;12,37617.22107054029,922,true,-9193.01404617915,-9193.01404617915,0.0,true
n15_sc3_s43_ms4,1,pair_travel_100,8,1;2;3;4;9;10;11;12,5633.381070540288,922,true,-9193.01404617915,-9193.01404617915,0.0,true
n15_sc3_s43_ms4,1,theta4_pair,8,1;2;3;5;8;9;10;12,73949.29362306959,448,true,-9193.01404617915,-9193.01404617915,0.0,true
n15_sc3_s43_ms4,1,theta4_pair_travel_050,8,1;2;3;4;9;10;11;12,37617.22107054029,922,true,-9193.01404617915,-9193.01404617915,0.0,true
n15_sc3_s43_ms4,2,marginal_rho,8,1;2;3;4;6;10;13;14,61242.20735037178,133,true,-7934.327824910357,-5505.842155133974,0.30607327090166203,false
n15_sc3_s43_ms4,2,theta_load,8,1;2;3;4;9;10;11;12,71175.76272502205,903,true,-7934.327824910357,-7934.327824910357,0.0,true
n15_sc3_s43_ms4,2,pair,8,1;2;3;4;5;7;8;10,71588.33635253581,153,true,-7934.327824910357,-5505.842155133974,0.30607327090166203,false
n15_sc3_s43_ms4,2,pair_travel_025,8,1;2;3;9;10;11;12;15,46595.22421896875,693,true,-7934.327824910357,-7934.327824910357,0.0,true
n15_sc3_s43_ms4,2,pair_travel_050,8,1;2;3;4;9;10;11;12,27937.879228601385,903,true,-7934.327824910357,-7934.327824910357,0.0,true
n15_sc3_s43_ms4,2,pair_travel_100,8,1;2;3;4;9;10;11;12,1785.0479207813185,903,true,-7934.327824910357,-7934.327824910357,0.0,true
n15_sc3_s43_ms4,2,theta4_pair,8,1;2;3;5;7;9;10;12,71386.87988287801,406,true,-7934.327824910357,-7791.734174309608,0.017971736705038436,false
n15_sc3_s43_ms4,2,theta4_pair_travel_050,8,1;2;3;4;9;10;11;12,27937.879228601385,903,true,-7934.327824910357,-7934.327824910357,0.0,true
n15_sc3_s43_ms4,3,marginal_rho,8,1;2;3;4;6;9;10;13,62672.902184184255,284,true,-6385.219119959078,-6385.219119959078,0.0,true
n15_sc3_s43_ms4,3,theta_load,8,1;2;3;4;9;10;11;12,70161.63532260281,869,true,-6385.219119959078,-6385.219119959078,0.0,true
n15_sc3_s43_ms4,3,pair,8,1;2;3;4;5;7;8;9,70560.75466077802,148,true,-6385.219119959078,-3677.2941124611316,0.42409272988509455,false
n15_sc3_s43_ms4,3,pair_travel_025,8,1;2;3;4;9;10;11;12,47101.318026165936,869,true,-6385.219119959078,-6385.219119959078,0.0,true
n15_sc3_s43_ms4,3,pair_travel_050,8,1;2;3;4;9;10;11;12,28357.507959881776,869,true,-6385.219119959078,-6385.219119959078,0.0,true
n15_sc3_s43_ms4,3,pair_travel_100,8,1;2;3;4;9;10;11;12,3128.321414714561,869,true,-6385.219119959078,-6385.219119959078,0.0,true
n15_sc3_s43_ms4,3,theta4_pair,8,1;2;3;5;8;9;10;12,70476.35106014968,400,true,-6385.219119959078,-6385.219119959078,0.0,true
n15_sc3_s43_ms4,3,theta4_pair_travel_050,8,1;2;3;4;9;10;11;12,28357.507959881776,869,true,-6385.219119959078,-6385.219119959078,0.0,true
n15_sc3_s43_ms4,4,marginal_rho,8,1;2;3;4;6;9;10;13,57503.095167022686,276,true,-7366.281816156705,-7366.281816156705,0.0,true
n15_sc3_s43_ms4,4,theta_load,8,1;3;4;8;9;10;11;12,64141.76847318005,405,true,-7366.281816156705,-7366.281816156705,0.0,true
n15_sc3_s43_ms4,4,pair,8,1;2;3;4;5;7;8;10,64629.72815960082,136,true,-7366.281816156705,-6370.789635606821,0.13514174523793512,false
n15_sc3_s43_ms4,4,pair_travel_025,8,1;2;3;4;9;10;11;12,42142.13660895288,583,true,-7366.281816156705,-7366.281816156705,0.0,true
n15_sc3_s43_ms4,4,pair_travel_050,8,1;2;3;4;9;10;11;12,23977.59597217601,583,true,-7366.281816156705,-7366.281816156705,0.0,true
n15_sc3_s43_ms4,4,pair_travel_100,8,1;2;3;4;9;10;11;12,1289.6443249589777,583,true,-7366.281816156705,-7366.281816156705,0.0,true
n15_sc3_s43_ms4,4,theta4_pair,8,1;2;3;5;8;9;10;12,64570.29189264887,320,true,-7366.281816156705,-6889.777549589129,0.06468721648993163,false
n15_sc3_s43_ms4,4,theta4_pair_travel_050,8,1;2;3;4;9;10;11;12,23977.59597217601,583,true,-7366.281816156705,-7366.281816156705,0.0,true
n15_sc3_s43_ms4,5,marginal_rho,8,1;2;3;4;6;9;10;13,52502.41998549237,110,true,-5027.267226136148,-2887.618081782084,0.4256087946211192,false
n15_sc3_s43_ms4,5,theta_load,8,1;3;8;9;10;11;12;15,57375.64892113072,140,true,-5027.267226136148,-5027.267226136148,0.0,true
n15_sc3_s43_ms4,5,pair,8,1;2;3;4;5;7;8;10,58070.44656459143,42,true,-5027.267226136148,-2375.635198253547,0.527449985967941,false
n15_sc3_s43_ms4,5,pair_travel_025,8,1;2;3;6;9;10;11;12,27358.287810121663,249,true,-5027.267226136148,-3339.6875324233442,0.3356852973598226,false
n15_sc3_s43_ms4,5,pair_travel_050,8,1;2;3;6;9;10;11;12,10669.244930406663,249,true,-5027.267226136148,-3339.6875324233442,0.3356852973598226,false
n15_sc3_s43_ms4,5,pair_travel_100,8,1;2;3;4;5;6;7;10,200.0,64,true,-5027.267226136148,-2375.635198253547,0.527449985967941,false
n15_sc3_s43_ms4,5,theta4_pair,8,1;2;3;5;8;9;10;12,58024.81299361857,149,true,-5027.267226136148,-2898.016507835213,0.42354038934537247,false
n15_sc3_s43_ms4,5,theta4_pair_travel_050,8,1;2;3;6;9;10;11;12,10669.244930406663,249,true,-5027.267226136148,-3339.6875324233442,0.3356852973598226,false
n15_sc3_s43_ms4,6,marginal_rho,8,1;2;3;4;6;9;10;13,44131.78365482039,58,true,-2818.390723069195,-2807.992297016066,0.003689490590504436,false
n15_sc3_s43_ms4,6,theta_load,8,3;4;8;9;10;11;12;15,50228.82825829438,67,true,-2818.390723069195,-2818.390723069195,0.0,true
n15_sc3_s43_ms4,6,pair,8,1;2;3;4;5;6;7;8,51807.43779432331,7,true,-2818.390723069195,-854.0931867832114,0.6969571394795417,false
n15_sc3_s43_ms4,6,pair_travel_025,8,1;2;3;4;9;10;11;12,25059.267751758623,79,true,-2818.390723069195,-2818.390723069195,0.0,true
n15_sc3_s43_ms4,6,pair_travel_050,8,1;2;3;4;9;10;11;12,10285.146175342245,79,true,-2818.390723069195,-2818.390723069195,0.0,true
n15_sc3_s43_ms4,6,pair_travel_100,8,1;2;3;4;5;9;11;12,199.99999999999977,35,true,-2818.390723069195,-1422.0277899801931,0.49544689515880136,false
n15_sc3_s43_ms4,6,theta4_pair,8,1;2;3;5;8;9;10;12,51615.935891184796,62,true,-2818.390723069195,-2818.390723069195,0.0,true
n15_sc3_s43_ms4,6,theta4_pair_travel_050,8,1;2;3;4;9;10;11;12,10285.146175342245,79,true,-2818.390723069195,-2818.390723069195,0.0,true
n15_sc3_s43_ms4,7,marginal_rho,8,1;2;3;4;6;9;10;13,42065.87637130179,39,true,-2863.8341323458026,-2853.435706292672,0.003630945638815026,false
n15_sc3_s43_ms4,7,theta_load,8,1;3;8;9;10;11;12;15,49242.835750535836,37,true,-2863.8341323458026,-2863.8341323458026,0.0,true
n15_sc3_s43_ms4,7,pair,8,1;2;3;4;5;7;8;10,49981.04482936103,12,true,-2863.8341323458026,-2339.569368837734,0.1830639413039737,false
n15_sc3_s43_ms4,7,pair_travel_025,8,1;2;3;4;9;10;11;12,26390.61909132746,57,true,-2863.8341323458026,-2863.8341323458026,0.0,true
n15_sc3_s43_ms4,7,pair_travel_050,8,1;3;4;9;10;11;12;15,12951.538129725086,53,true,-2863.8341323458026,-2863.8341323458026,0.0,true
n15_sc3_s43_ms4,7,pair_travel_100,8,1;2;3;4;5;6;7;10,200.0,21,true,-2863.8341323458026,-2339.569368837734,0.1830639413039737,false
n15_sc3_s43_ms4,7,theta4_pair,8,1;2;3;5;8;9;10;12,49883.186939394145,33,true,-2863.8341323458026,-2863.8341323458026,0.0,true
n15_sc3_s43_ms4,7,theta4_pair_travel_050,8,1;3;4;5;9;10;11;12,12951.538129725086,52,true,-2863.8341323458026,-2863.8341323458026,0.0,true
n15_sc3_s43_ms4,8,marginal_rho,8,1;2;3;4;5;6;10;15,46616.0307669557,28,true,-2748.373333333333,-2251.6363252842493,0.1807385488807017,false
n15_sc3_s43_ms4,8,theta_load,8,3;4;8;9;10;11;12;15,47804.85512493505,30,true,-2748.373333333333,-2748.373333333333,0.0,true
n15_sc3_s43_ms4,8,pair,8,1;2;3;4;5;7;8;10,49460.794801772376,14,true,-2748.373333333333,-2251.6363252842493,0.1807385488807017,false
n15_sc3_s43_ms4,8,pair_travel_025,8,1;2;3;4;9;10;11;12,26226.966666464672,36,true,-2748.373333333333,-2748.373333333333,0.0,true
n15_sc3_s43_ms4,8,pair_travel_050,8,1;2;3;4;9;10;11;12,13123.075382620362,36,true,-2748.373333333333,-2748.373333333333,0.0,true
n15_sc3_s43_ms4,8,pair_travel_100,8,1;2;3;4;5;6;7;10,200.0,23,true,-2748.373333333333,-2251.6363252842493,0.1807385488807017,false
n15_sc3_s43_ms4,8,theta4_pair,8,1;2;3;5;8;9;10;12,49275.78632628933,28,true,-2748.373333333333,-2748.373333333333,0.0,true
n15_sc3_s43_ms4,8,theta4_pair_travel_050,8,1;2;3;4;9;10;11;12,13123.075382620362,36,true,-2748.373333333333,-2748.373333333333,0.0,true
n15_sc3_s43_ms4,9,marginal_rho,8,1;2;3;6;9;10;13;14,40604.34782821969,13,true,-1496.8103017066242,-1490.285242226726,0.004359309574806116,false
n15_sc3_s43_ms4,9,theta_load,8,1;3;4;9;10;11;12;15,47455.216943075066,16,true,-1496.8103017066242,-1496.8103017066242,0.0,true
n15_sc3_s43_ms4,9,pair,8,1;2;3;4;5;6;7;8,48043.31918727837,0,false,-1496.8103017066242,,,false
n15_sc3_s43_ms4,9,pair_travel_025,8,1;3;4;9;10;11;12;15,29010.362246700784,16,true,-1496.8103017066242,-1496.8103017066242,0.0,true
n15_sc3_s43_ms4,9,pair_travel_050,8,1;2;3;4;9;10;11;12,17115.372149188064,15,true,-1496.8103017066242,-1496.8103017066242,0.0,true
n15_sc3_s43_ms4,9,pair_travel_100,8,1;2;3;4;5;9;10;12,1182.1428773711145,16,true,-1496.8103017066242,-1496.8103017066242,0.0,true
n15_sc3_s43_ms4,9,theta4_pair,8,1;2;3;5;8;9;10;11,47964.16736945202,12,true,-1496.8103017066242,-1490.285242226726,0.004359309574806116,false
n15_sc3_s43_ms4,9,theta4_pair_travel_050,8,1;2;3;4;9;10;11;12,17115.372149188064,15,true,-1496.8103017066242,-1496.8103017066242,0.0,true
n15_sc3_s43_ms4,10,marginal_rho,8,1;2;3;5;10;11;12;15,46097.80108455279,0,false,-617.1531169824702,,,false
n15_sc3_s43_ms4,10,theta_load,8,1;3;4;9;10;11;12;15,45882.38648135483,10,true,-617.1531169824702,-617.1531169824702,0.0,true
n15_sc3_s43_ms4,10,pair,8,1;2;3;4;5;7;8;10,46434.35783283515,1,true,-617.1531169824702,-110.56441602672385,0.8208476746138441,false
n15_sc3_s43_ms4,10,pair_travel_025,8,1;3;4;5;9;10;11;12,28318.40034899853,7,true,-617.1531169824702,-617.1531169824702,0.0,true
n15_sc3_s43_ms4,10,pair_travel_050,8,1;2;3;4;9;10;11;12,17465.470058790386,8,true,-617.1531169824702,-617.1531169824702,0.0,true
n15_sc3_s43_ms4,10,pair_travel_100,8,1;2;3;4;5;9;10;12,931.7607869734384,8,true,-617.1531169824702,-617.1531169824702,0.0,true
n15_sc3_s43_ms4,10,theta4_pair,8,1;2;3;5;8;9;10;11,46384.235829037745,2,true,-617.1531169824702,-610.6280575025739,0.010572837275456293,false
n15_sc3_s43_ms4,10,theta4_pair_travel_050,8,1;2;3;4;9;10;11;12,17465.470058790386,8,true,-617.1531169824702,-617.1531169824702,0.0,true
n15_sc3_s43_ms4,11,marginal_rho,8,1;2;3;5;10;11;12;15,46088.96362116211,0,false,-621.342843803528,,,false
n15_sc3_s43_ms4,11,theta_load,8,1;3;4;9;10;11;12;15,45887.21815736481,12,true,-621.342843803528,-621.342843803528,0.0,true
n15_sc3_s43_ms4,11,pair,8,1;2;3;4;5;7;8;10,46450.318332080074,1,true,-621.342843803528,-105.9665646756348,0.8294555642952862,false
n15_sc3_s43_ms4,11,pair_travel_025,8,1;2;3;4;9;10;11;12,28281.562468027347,10,true,-621.342843803528,-621.342843803528,0.0,true
n15_sc3_s43_ms4,11,pair_travel_050,8,1;2;3;4;9;10;11;12,17465.470058790386,10,true,-621.342843803528,-621.342843803528,0.0,true
n15_sc3_s43_ms4,11,pair_travel_100,8,1;2;3;4;5;9;10;12,931.7607869734375,9,true,-621.342843803528,-621.342843803528,0.0,true
n15_sc3_s43_ms4,11,theta4_pair,8,1;2;3;5;8;9;10;11,46400.19632828266,4,true,-621.342843803528,-616.1436307769636,0.008367704043612374,false
n15_sc3_s43_ms4,11,theta4_pair_travel_050,8,1;2;3;4;9;10;11;12,17465.470058790386,10,true,-621.342843803528,-621.342843803528,0.0,true
n15_sc3_s43_ms4,12,marginal_rho,8,1;2;3;5;10;11;12;15,46121.09560242202,0,false,-666.6520266527295,,,false
n15_sc3_s43_ms4,12,theta_load,8,1;3;4;9;10;11;12;15,45893.123605618806,14,true,-666.6520266527295,-666.6520266527295,0.0,true
n15_sc3_s43_ms4,12,pair,8,1;2;3;4;5;7;8;10,46440.401399170994,1,true,-666.6520266527295,-149.3922935984392,0.775906638507438,false
n15_sc3_s43_ms4,12,pair_travel_025,8,1;2;3;4;9;10;11;12,28408.202190557717,11,true,-666.6520266527295,-666.6520266527295,0.0,true
n15_sc3_s43_ms4,12,pair_travel_050,8,1;2;3;4;9;10;11;12,17465.470058790386,11,true,-666.6520266527295,-666.6520266527295,0.0,true
n15_sc3_s43_ms4,12,pair_travel_100,8,1;2;3;4;5;9;10;12,931.7607869734375,10,true,-666.6520266527295,-666.6520266527295,0.0,true
n15_sc3_s43_ms4,12,theta4_pair,8,1;2;3;5;8;9;10;11,46404.08209135266,4,true,-666.6520266527295,-661.4528136261652,0.00779899080584773,false
n15_sc3_s43_ms4,12,theta4_pair_travel_050,8,1;2;3;4;9;10;11;12,17465.470058790386,11,true,-666.6520266527295,-666.6520266527295,0.0,true
n15_sc3_s43_ms4,13,marginal_rho,8,1;2;3;5;10;11;12;15,46096.297639786426,0,false,-604.3337833483074,,,false
n15_sc3_s43_ms4,13,theta_load,8,1;3;4;9;10;11;12;15,45868.325642983196,8,true,-604.3337833483074,-604.3337833483074,0.0,true
n15_sc3_s43_ms4,13,pair,8,1;2;3;4;5;7;8;10,46440.401399170994,1,true,-604.3337833483074,-87.07405029401889,0.8559172882714157,false
n15_sc3_s43_ms4,13,pair_travel_025,8,1;2;3;4;9;10;11;12,27737.196182504955,8,true,-604.3337833483074,-604.3337833483074,0.0,true
n15_sc3_s43_ms4,13,pair_travel_050,8,1;2;3;4;9;10;11;12,16861.136275442077,8,true,-604.3337833483074,-604.3337833483074,0.0,true
n15_sc3_s43_ms4,13,pair_travel_100,8,1;2;3;4;5;9;10;12,931.7607869734375,8,true,-604.3337833483074,-604.3337833483074,0.0,true
n15_sc3_s43_ms4,13,theta4_pair,8,1;2;3;5;8;9;10;11,46404.08209135266,2,true,-604.3337833483074,-599.134570321743,0.00860321426639131,false
n15_sc3_s43_ms4,13,theta4_pair_travel_050,8,1;2;3;4;9;10;11;12,16861.136275442077,8,true,-604.3337833483074,-604.3337833483074,0.0,true
n15_sc3_s43_ms4,14,marginal_rho,8,1;2;3;5;10;11;12;15,46086.380706877346,0,false,-537.6615586438566,,,false
n15_sc3_s43_ms4,14,theta_load,8,1;3;4;9;10;11;12;15,45836.46420061261,10,true,-537.6615586438566,-537.6615586438566,0.0,true
n15_sc3_s43_ms4,14,pair,8,1;2;3;4;5;7;8;10,46430.484466261914,1,true,-537.6615586438566,-27.12185461568879,0.9495558977954491,false
n15_sc3_s43_ms4,14,pair_travel_025,8,2;3;4;5;9;10;11;12,28270.567201370835,7,true,-537.6615586438566,-537.6615586438566,0.0,true
n15_sc3_s43_ms4,14,pair_travel_050,8,1;2;3;4;9;10;11;12,17465.470058790386,7,true,-537.6615586438566,-537.6615586438566,0.0,true
n15_sc3_s43_ms4,14,pair_travel_100,8,1;2;3;4;5;9;10;12,931.7607869734375,7,true,-537.6615586438566,-537.6615586438566,0.0,true
n15_sc3_s43_ms4,14,theta4_pair,8,1;2;3;5;8;9;10;11,46394.16515844358,1,true,-537.6615586438566,-527.2631325907278,0.019340095801821375,false
n15_sc3_s43_ms4,14,theta4_pair_travel_050,8,1;2;3;4;9;10;11;12,17465.470058790386,7,true,-537.6615586438566,-537.6615586438566,0.0,true
n15_sc3_s43_ms4,15,marginal_rho,8,1;2;3;5;10;11;12;15,46086.380706877346,0,false,-604.498037927282,,,false
n15_sc3_s43_ms4,15,theta_load,8,1;3;4;9;10;11;12;15,45866.68408013496,10,true,-604.498037927282,-604.498037927282,0.0,true
n15_sc3_s43_ms4,15,pair,8,1;2;3;4;5;7;8;10,46430.48446626192,1,true,-604.498037927282,-85.43248744577977,0.8586720186243899,false
n15_sc3_s43_ms4,15,pair_travel_025,8,1;3;4;5;9;10;11;12,27732.905642726975,9,true,-604.498037927282,-604.498037927282,0.0,true
n15_sc3_s43_ms4,15,pair_travel_050,8,1;2;3;4;9;10;11;12,16927.80850014653,10,true,-604.498037927282,-604.498037927282,0.0,true
n15_sc3_s43_ms4,15,pair_travel_100,8,1;2;3;4;5;9;10;12,731.7607869734375,9,true,-604.498037927282,-604.498037927282,0.0,true
n15_sc3_s43_ms4,15,theta4_pair,8,1;2;3;5;8;9;10;11,46394.16515844359,4,true,-604.498037927282,-599.2988249007176,0.008600876595714993,false
n15_sc3_s43_ms4,15,theta4_pair_travel_050,8,1;2;3;4;9;10;11;12,16927.80850014653,10,true,-604.498037927282,-604.498037927282,0.0,true
n15_sc3_s43_ms4,16,marginal_rho,8,1;2;3;5;10;11;12;15,46069.129755343965,0,false,-597.1200002816113,,,false
n15_sc3_s43_ms4,16,theta_load,8,1;3;4;9;10;11;12;15,45866.684080134946,18,true,-597.1200002816113,-597.1200002816113,0.0,true
n15_sc3_s43_ms4,16,pair,8,1;2;3;4;5;7;8;10,46430.48446626193,1,true,-597.1200002816113,-47.91220677696401,0.9197611757195072,false
n15_sc3_s43_ms4,16,pair_travel_025,8,1;2;3;4;9;10;11;12,28245.126149312142,11,true,-597.1200002816113,-553.1750612793785,0.07359482010568671,false
n15_sc3_s43_ms4,16,pair_travel_050,8,1;2;3;4;9;10;11;12,17265.470058790386,11,true,-597.1200002816113,-553.1750612793785,0.07359482010568671,false
n15_sc3_s43_ms4,16,pair_travel_100,8,1;2;3;4;5;9;10;12,931.7607869734384,12,true,-597.1200002816113,-553.1750612793785,0.07359482010568671,false
n15_sc3_s43_ms4,16,theta4_pair,8,1;2;3;5;8;9;10;11,46380.3624624645,5,true,-597.1200002816113,-547.9758482528141,0.08230196946278807,false
n15_sc3_s43_ms4,16,theta4_pair_travel_050,8,1;2;3;4;9;10;11;12,17265.470058790386,11,true,-597.1200002816113,-553.1750612793785,0.07359482010568671,false
n15_sc3_s43_ms4,17,marginal_rho,8,1;2;3;5;10;11;12;15,46110.789537779376,0,false,-558.9743754446517,,,false
n15_sc3_s43_ms4,17,theta_load,8,1;3;4;9;10;11;12;15,45895.374934581414,15,true,-558.9743754446517,-558.9743754446517,0.0,true
n15_sc3_s43_ms4,17,pair,8,1;2;3;4;5;7;8;10,46430.48446626192,1,true,-558.9743754446517,-48.512307915672864,0.9132119287631345,false
n15_sc3_s43_ms4,17,pair_travel_025,8,2;3;4;5;9;10;11;12,28410.998396936684,11,true,-558.9743754446517,-558.9743754446517,0.0,true
n15_sc3_s43_ms4,17,pair_travel_050,8,1;2;3;4;9;10;11;12,17021.182634348526,11,true,-558.9743754446517,-558.9743754446517,0.0,true
n15_sc3_s43_ms4,17,pair_travel_100,8,1;2;3;4;5;9;10;12,731.7607869734375,11,true,-558.9743754446517,-558.9743754446517,0.0,true
n15_sc3_s43_ms4,17,theta4_pair,8,1;2;3;5;8;9;10;11,46380.3624624645,6,true,-558.9743754446517,-548.575949391523,0.018602688262511265,false
n15_sc3_s43_ms4,17,theta4_pair_travel_050,8,1;2;3;4;9;10;11;12,17021.182634348526,11,true,-558.9743754446517,-558.9743754446517,0.0,true
n15_sc3_s43_ms4,18,marginal_rho,8,1;2;3;5;10;11;12;15,46230.325256777534,0,false,-486.33858199595124,,,false
n15_sc3_s43_ms4,18,theta_load,8,1;3;4;9;10;11;12;15,45997.65970204618,7,true,-486.33858199595124,-486.33858199595124,0.0,true
n15_sc3_s43_ms4,18,pair,8,1;2;3;4;5;6;7;8,46605.70570733684,0,false,-486.33858199595124,,,false
n15_sc3_s43_ms4,18,pair_travel_025,8,2;3;4;9;10;11;12;15,28609.25790134607,6,true,-486.33858199595124,-486.33858199595124,0.0,true
n15_sc3_s43_ms4,18,pair_travel_050,8,1;3;4;9;10;11;12;15,17071.38245521731,7,true,-486.33858199595124,-486.33858199595124,0.0,true
n15_sc3_s43_ms4,18,pair_travel_100,8,1;2;3;4;5;9;10;12,913.3917409520436,5,true,-486.33858199595124,-486.33858199595124,0.0,true
n15_sc3_s43_ms4,18,theta4_pair,8,1;2;3;5;8;9;10;11,46528.818902550105,4,true,-486.33858199595124,-486.33858199595124,0.0,true
n15_sc3_s43_ms4,18,theta4_pair_travel_050,8,1;3;4;9;10;11;12;15,17071.38245521731,7,true,-486.33858199595124,-486.33858199595124,0.0,true
n15_sc3_s43_ms4,19,marginal_rho,8,1;2;3;5;10;11;12;15,46069.12975534395,0,false,-486.33858199595306,,,false
n15_sc3_s43_ms4,19,theta_load,8,1;3;4;9;10;11;12;15,45836.46420061261,4,true,-486.33858199595306,-486.33858199595306,0.0,true
n15_sc3_s43_ms4,19,pair,8,1;2;3;4;5;6;7;8,46443.59284667152,0,false,-486.33858199595306,,,false
n15_sc3_s43_ms4,19,pair_travel_025,8,2;3;4;5;9;10;11;12,28334.198585268572,3,true,-486.33858199595306,-486.33858199595306,0.0,true
n15_sc3_s43_ms4,19,pair_travel_050,8,1;2;3;4;9;10;11;12,16951.64276351288,3,true,-486.33858199595306,-486.33858199595306,0.0,true
n15_sc3_s43_ms4,19,pair_travel_100,8,1;2;3;4;5;9;10;12,742.1592130265635,3,true,-486.33858199595306,-486.33858199595306,0.0,true
n15_sc3_s43_ms4,19,theta4_pair,8,1;2;3;5;8;9;10;11,46380.36246246451,1,true,-486.33858199595306,-475.9401559428243,0.021381042833273127,false
n15_sc3_s43_ms4,19,theta4_pair_travel_050,8,1;2;3;4;9;10;11;12,16951.64276351288,3,true,-486.33858199595306,-486.33858199595306,0.0,true
n15_sc3_s43_ms4,20,marginal_rho,8,1;2;3;5;10;11;12;15,46069.12975534395,0,false,-37.520280668821215,,,false
n15_sc3_s43_ms4,20,theta_load,8,1;2;3;9;10;11;12;15,46109.97190881116,1,true,-37.520280668821215,-37.520280668821215,0.0,true
n15_sc3_s43_ms4,20,pair,8,1;2;3;4;5;7;8;10,46430.484466261914,0,false,-37.520280668821215,,,false
n15_sc3_s43_ms4,20,pair_travel_025,8,2;3;4;5;9;10;11;12,29649.3202082974,0,false,-37.520280668821215,,,false
n15_sc3_s43_ms4,20,pair_travel_050,8,1;2;3;4;9;10;11;12,17930.181501219166,1,true,-37.520280668821215,-37.520280668821215,0.0,true
n15_sc3_s43_ms4,20,pair_travel_100,8,1;2;3;4;5;9;10;12,742.1592130265653,1,true,-37.520280668821215,-37.520280668821215,0.0,true
n15_sc3_s43_ms4,20,theta4_pair,8,1;2;3;5;8;9;10;11,46380.3624624645,1,true,-37.520280668821215,-37.520280668821215,0.0,true
n15_sc3_s43_ms4,20,theta4_pair_travel_050,8,1;2;3;4;9;10;11;12,17930.181501219166,1,true,-37.520280668821215,-37.520280668821215,0.0,true
n15_sc3_s43_ms4,23,marginal_rho,8,1;2;3;5;10;11;12;15,46069.12975534395,0,false,-200.0,,,false
n15_sc3_s43_ms4,23,theta_load,8,1;2;3;9;10;11;12;15,46109.97190881116,3,true,-200.0,-200.0,0.0,true
n15_sc3_s43_ms4,23,pair,8,1;2;3;4;5;7;8;10,46430.484466261914,0,false,-200.0,,,false
n15_sc3_s43_ms4,23,pair_travel_025,8,1;2;3;4;9;10;11;12,29611.799927628585,2,true,-200.0,-200.0,0.0,true
n15_sc3_s43_ms4,23,pair_travel_050,8,1;2;3;4;9;10;11;12,17892.661220550348,2,true,-200.0,-200.0,0.0,true
n15_sc3_s43_ms4,23,pair_travel_100,8,1;2;3;4;5;9;10;12,742.1592130265653,2,true,-200.0,-200.0,0.0,true
n15_sc3_s43_ms4,23,theta4_pair,8,1;2;3;5;8;9;10;11,46380.3624624645,2,true,-200.0,-200.0,0.0,true
n15_sc3_s43_ms4,23,theta4_pair_travel_050,8,1;2;3;4;9;10;11;12,17892.661220550348,2,true,-200.0,-200.0,0.0,true
n15_sc3_s43_ms4,24,marginal_rho,8,1;2;3;5;10;11;12;15,46069.12975534395,0,false,-199.99999999999818,,,false
n15_sc3_s43_ms4,24,theta_load,8,1;2;3;9;10;11;12;15,46109.97190881116,1,true,-199.99999999999818,-199.99999999999818,0.0,true
n15_sc3_s43_ms4,24,pair,8,1;2;3;4;5;7;8;10,46430.484466261914,0,false,-199.99999999999818,,,false
n15_sc3_s43_ms4,24,pair_travel_025,8,2;3;4;5;9;10;11;12,29411.799927628585,1,true,-199.99999999999818,-199.99999999999818,0.0,true
n15_sc3_s43_ms4,24,pair_travel_050,8,1;2;3;4;9;10;11;12,17682.26279449722,1,true,-199.99999999999818,-199.99999999999818,0.0,true
n15_sc3_s43_ms4,24,pair_travel_100,8,1;2;3;4;5;9;10;12,731.7607869734375,1,true,-199.99999999999818,-199.99999999999818,0.0,true
n15_sc3_s43_ms4,24,theta4_pair,8,1;2;3;5;8;9;10;11,46380.3624624645,1,true,-199.99999999999818,-199.99999999999818,0.0,true
n15_sc3_s43_ms4,24,theta4_pair_travel_050,8,1;2;3;4;9;10;11;12,17682.26279449722,1,true,-199.99999999999818,-199.99999999999818,0.0,true
n15_sc3_s43_ms4,25,marginal_rho,8,1;2;3;5;10;11;12;15,46069.12975534395,0,false,-200.00000000000364,,,false
n15_sc3_s43_ms4,25,theta_load,8,1;2;3;9;10;11;12;15,46109.97190881116,1,true,-200.00000000000364,-200.00000000000364,0.0,true
n15_sc3_s43_ms4,25,pair,8,1;2;3;4;5;7;8;10,46430.484466261914,0,false,-200.00000000000364,,,false
n15_sc3_s43_ms4,25,pair_travel_025,8,1;2;3;4;9;10;11;12,29411.799927628585,1,true,-200.00000000000364,-200.00000000000364,0.0,true
n15_sc3_s43_ms4,25,pair_travel_050,8,1;2;3;4;9;10;11;12,17682.26279449722,1,true,-200.00000000000364,-200.00000000000364,0.0,true
n15_sc3_s43_ms4,25,pair_travel_100,8,1;2;3;4;5;9;10;12,531.7607869734384,1,true,-200.00000000000364,-200.00000000000364,0.0,true
n15_sc3_s43_ms4,25,theta4_pair,8,1;2;3;5;8;9;10;11,46380.3624624645,1,true,-200.00000000000364,-200.00000000000364,0.0,true
n15_sc3_s43_ms4,25,theta4_pair_travel_050,8,1;2;3;4;9;10;11;12,17682.26279449722,1,true,-200.00000000000364,-200.00000000000364,0.0,true
n15_sc3_s43_ms4,26,marginal_rho,8,1;2;3;5;10;11;12;15,46069.12975534395,0,false,-200.00000000000182,,,false
n15_sc3_s43_ms4,26,theta_load,8,1;2;3;9;10;11;12;15,46109.97190881116,1,true,-200.00000000000182,-200.00000000000182,0.0,true
n15_sc3_s43_ms4,26,pair,8,1;2;3;4;5;7;8;10,46430.484466261914,0,false,-200.00000000000182,,,false
n15_sc3_s43_ms4,26,pair_travel_025,8,2;3;4;5;9;10;11;12,29211.79992762858,1,true,-200.00000000000182,-200.00000000000182,0.0,true
n15_sc3_s43_ms4,26,pair_travel_050,8,1;2;3;4;9;10;11;12,17482.262794497216,1,true,-200.00000000000182,-200.00000000000182,0.0,true
n15_sc3_s43_ms4,26,pair_travel_100,8,1;2;3;4;5;9;10;12,531.7607869734384,1,true,-200.00000000000182,-200.00000000000182,0.0,true
n15_sc3_s43_ms4,26,theta4_pair,8,1;2;3;5;8;9;10;11,46380.3624624645,1,true,-200.00000000000182,-200.00000000000182,0.0,true
n15_sc3_s43_ms4,26,theta4_pair_travel_050,8,1;2;3;4;9;10;11;12,17482.262794497216,1,true,-200.00000000000182,-200.00000000000182,0.0,true
n15_sc3_s43_ms4,27,marginal_rho,8,1;2;3;5;10;11;12;15,46069.12975534395,0,false,-200.0,,,false
n15_sc3_s43_ms4,27,theta_load,8,1;2;3;9;10;11;12;15,46109.97190881116,1,true,-200.0,-200.0,0.0,true
n15_sc3_s43_ms4,27,pair,8,1;2;3;4;5;7;8;10,46430.484466261914,0,false,-200.0,,,false
n15_sc3_s43_ms4,27,pair_travel_025,8,1;2;3;4;9;10;11;12,29411.799927628585,1,true,-200.0,-200.0,0.0,true
n15_sc3_s43_ms4,27,pair_travel_050,8,1;2;3;4;9;10;11;12,17682.262794497216,1,true,-200.0,-200.0,0.0,true
n15_sc3_s43_ms4,27,pair_travel_100,8,1;2;3;4;5;9;10;12,531.7607869734375,1,true,-200.0,-200.0,0.0,true
n15_sc3_s43_ms4,27,theta4_pair,8,1;2;3;5;8;9;10;11,46380.3624624645,1,true,-200.0,-200.0,0.0,true
n15_sc3_s43_ms4,27,theta4_pair_travel_050,8,1;2;3;4;9;10;11;12,17682.262794497216,1,true,-200.0,-200.0,0.0,true
n15_sc3_s43_ms4,28,marginal_rho,8,1;2;3;5;10;11;12;15,46069.12975534395,0,false,-200.0,,,false
n15_sc3_s43_ms4,28,theta_load,8,1;2;3;9;10;11;12;15,46109.97190881116,1,true,-200.0,-200.0,0.0,true
n15_sc3_s43_ms4,28,pair,8,1;2;3;4;5;7;8;10,46430.484466261914,0,false,-200.0,,,false
n15_sc3_s43_ms4,28,pair_travel_025,8,2;3;4;5;9;10;11;12,29211.799927628585,1,true,-200.0,-200.0,0.0,true
n15_sc3_s43_ms4,28,pair_travel_050,8,1;2;3;4;9;10;11;12,17482.262794497216,1,true,-200.0,-200.0,0.0,true
n15_sc3_s43_ms4,28,pair_travel_100,8,1;2;3;4;5;9;10;12,531.7607869734375,1,true,-200.0,-200.0,0.0,true
n15_sc3_s43_ms4,28,theta4_pair,8,1;2;3;5;8;9;10;11,46380.3624624645,1,true,-200.0,-200.0,0.0,true
n15_sc3_s43_ms4,28,theta4_pair_travel_050,8,1;2;3;4;9;10;11;12,17482.262794497216,1,true,-200.0,-200.0,0.0,true
n15_sc3_s43_ms4,29,marginal_rho,8,1;2;3;5;10;11;12;15,46069.12975534395,0,false,-200.00000000000364,,,false
n15_sc3_s43_ms4,29,theta_load,8,1;2;3;9;10;11;12;15,46109.97190881116,1,true,-200.00000000000364,-200.00000000000364,0.0,true
n15_sc3_s43_ms4,29,pair,8,1;2;3;4;5;7;8;10,46430.484466261914,0,false,-200.00000000000364,,,false
n15_sc3_s43_ms4,29,pair_travel_025,8,1;2;3;4;9;10;11;12,29211.799927628585,1,true,-200.00000000000364,-200.00000000000364,0.0,true
n15_sc3_s43_ms4,29,pair_travel_050,8,1;2;3;4;9;10;11;12,17482.262794497216,1,true,-200.00000000000364,-200.00000000000364,0.0,true
n15_sc3_s43_ms4,29,pair_travel_100,8,1;2;3;4;5;9;10;12,531.7607869734375,1,true,-200.00000000000364,-200.00000000000364,0.0,true
n15_sc3_s43_ms4,29,theta4_pair,8,1;2;3;5;8;9;10;11,46380.3624624645,1,true,-200.00000000000364,-200.00000000000364,0.0,true
n15_sc3_s43_ms4,29,theta4_pair_travel_050,8,1;2;3;4;9;10;11;12,17482.262794497216,1,true,-200.00000000000364,-200.00000000000364,0.0,true
