job_id,instance_id,pricing_mode,n_stations,n_pairs,n_scenarios,n_pairs_actual,pairs_per_scenario,seed,k,max_stops,pricing_time_limit_sec,lp_termination_status,termination_status,z_lp,z_ip,gap,runtime_sec,cg_iterations,cg_converged,cg_pricing_exhausted,n_columns,seed_columns_added,lp_loop_sec,integer_recovery_sec,n_logged_iterations,total_columns_added,mean_columns_per_iteration,median_columns_per_iteration,max_columns_in_iteration,mean_iteration_sec,median_iteration_sec,max_iteration_sec,total_master_sec,total_pricing_sec,total_add_columns_sec,pricing_share_of_loop
2,zhuzhou_n15_p8_sc1_seed42_ms10,darp,15,8,1,8,8,42,8,10,900.0,OPTIMAL,OPTIMAL,12829.456738186029,12829.456738186029,0.0,1804.2977981567383,2,false,false,69,69,1804.1868929862976,0.10049605369567871,2,1,0.5,0.5,1,901.6751489639282,901.6751489639282,903.3270189762115,0.3828279972076416,1802.9672870635986,0.00018286705017089844,0.9997876115002737
1,zhuzhou_n15_p8_sc1_seed42_ms10,exact,15,8,1,8,8,42,8,10,900.0,OPTIMAL,OPTIMAL,12629.456738186027,12629.456738186027,0.0,6.39992094039917,5,true,true,97,97,6.3033459186553955,0.08930802345275879,5,29,5.8,4.0,13,1.1451102256774903,0.29985499382019043,4.6106390953063965,0.35802721977233887,5.126586675643921,0.2409372329711914,0.8953874588991361
4,zhuzhou_n15_p8_sc1_seed43_ms10,darp,15,8,1,8,8,43,8,10,900.0,OPTIMAL,OPTIMAL,12443.431370729759,12443.431370729759,0.0,99.3981831073761,8,true,true,149,149,99.25640606880188,0.12982988357543945,8,101,12.625,16.0,24,12.31699025630951,5.695995450019836,45.71692395210266,0.4400951862335205,97.7623119354248,0.333514928817749,0.99214895340752
3,zhuzhou_n15_p8_sc1_seed43_ms10,exact,15,8,1,8,8,43,8,10,900.0,OPTIMAL,OPTIMAL,12443.431370729759,12443.431370729759,0.0,6.135731220245361,6,true,true,84,84,6.0449090003967285,0.0836029052734375,6,36,6.0,7.0,12,0.9214380184809366,0.29955756664276123,4.0512778759002686,0.40154147148132324,4.9180779457092285,0.20900869369506836,0.8895657018466759
6,zhuzhou_n15_p8_sc1_seed44_ms10,darp,15,8,1,8,8,44,8,10,900.0,OPTIMAL,OPTIMAL,9165.718850024936,9165.718850024934,-1.9845572762041553e-16,1488.3543939590454,3,false,false,52,52,1488.2428920269012,0.10285186767578125,3,4,1.3333333333333333,2.0,2,495.8891712029775,575.3701558113098,903.0259788036346,0.3498368263244629,1487.3173696994781,0.0003070831298828125,0.999764635641868
5,zhuzhou_n15_p8_sc1_seed44_ms10,exact,15,8,1,8,8,44,8,10,900.0,OPTIMAL,OPTIMAL,8965.718850024938,8965.718850024936,-2.028827173786291e-16,5.762861967086792,5,true,true,54,54,5.65142297744751,0.10277819633483887,5,6,1.2,1.0,2,0.9436158180236817,0.22490882873535156,4.059221029281616,0.3935739994049072,4.276679277420044,0.04782581329345703,0.9064450162306866
8,zhuzhou_n15_p8_sc1_seed45_ms10,darp,15,8,1,8,8,45,8,10,900.0,OPTIMAL,OPTIMAL,4472.345603019409,4472.345603019409,0.0,5.011649131774902,3,true,true,56,56,4.923435211181641,0.08061814308166504,3,2,0.6666666666666666,1.0,1,1.4619526863098145,0.6555349826812744,3.398977041244507,0.4020102024078369,3.9836719036102295,0.00017595291137695312,0.9082993225235874
7,zhuzhou_n15_p8_sc1_seed45_ms10,exact,15,8,1,8,8,45,8,10,900.0,OPTIMAL,OPTIMAL,4472.345603019409,4472.345603019409,0.0,4.381271839141846,3,true,true,56,56,4.285181999206543,0.09034085273742676,3,2,0.6666666666666666,1.0,1,1.245671272277832,0.09887814521789551,3.5996577739715576,0.34212207794189453,3.3946948051452637,0.00019693374633789062,0.9083977131295995
10,zhuzhou_n15_p8_sc1_seed46_ms10,darp,15,8,1,8,8,46,8,10,900.0,OPTIMAL,OPTIMAL,9100.097496914615,9100.097496914615,0.0,921.1995730400085,4,false,false,65,65,921.1114530563354,0.07956910133361816,4,31,7.75,7.0,17,230.1467564702034,9.708550930023193,900.0240540504456,0.3902599811553955,920.1961343288422,0.0006315708160400391,0.999575388810637
9,zhuzhou_n15_p8_sc1_seed46_ms10,exact,15,8,1,8,8,46,8,10,900.0,OPTIMAL,OPTIMAL,8900.097496914615,8900.097496914615,0.0,5.911031007766724,11,true,true,56,56,5.817367076873779,0.0863950252532959,11,22,2.0,1.0,5,0.4761168089779941,0.10582399368286133,3.9114699363708496,0.36356496810913086,4.692090034484863,0.18162989616394043,0.8959012398958154
12,zhuzhou_n15_p8_sc1_seed47_ms10,darp,15,8,1,8,8,47,8,10,900.0,OPTIMAL,OPTIMAL,13657.370641649402,13657.370641649402,0.0,1804.0215940475464,2,false,false,222,222,1803.9105861186981,0.10198807716369629,2,149,74.5,74.5,149,901.6908799409866,901.6908799409866,903.2711300849915,0.6124789714813232,1802.6615319252014,0.10774898529052734,0.9996006236877881
11,zhuzhou_n15_p8_sc1_seed47_ms10,exact,15,8,1,8,8,47,8,10,900.0,OPTIMAL,OPTIMAL,10554.40880517334,10554.408805173338,-1.7234403528639733e-16,5.736968994140625,3,true,true,455,455,5.628278017044067,0.10203909873962402,3,382,127.33333333333333,182.0,200,1.6979583899180095,0.397428035736084,4.533730983734131,0.39285993576049805,4.430274963378906,0.270740270614624,0.8697258601240584
14,zhuzhou_n15_p8_sc1_seed48_ms10,darp,15,8,1,8,8,48,8,10,900.0,OPTIMAL,OPTIMAL,8755.579390655055,8755.579390655055,0.0,179.98864603042603,6,true,true,68,68,179.89335894584656,0.08715105056762695,6,12,2.0,1.5,4,29.877940853436787,14.851305484771729,111.4019501209259,0.41858816146850586,178.74456787109375,0.10448908805847168,0.9970821435782513
13,zhuzhou_n15_p8_sc1_seed48_ms10,exact,15,8,1,8,8,48,8,10,900.0,OPTIMAL,OPTIMAL,8755.579390655055,8755.579390655055,0.0,5.1021881103515625,6,true,true,65,65,4.970954179763794,0.1253509521484375,6,9,1.5,1.0,4,0.7015195290247599,0.08184552192687988,3.801408529281616,0.4314687252044678,3.716653823852539,0.060994625091552734,0.883000798048432
16,zhuzhou_n15_p8_sc1_seed49_ms10,darp,15,8,1,8,8,49,8,10,900.0,OPTIMAL,OPTIMAL,8786.311144573165,8786.311144573163,-2.0702538000482142e-16,5.65812087059021,3,true,true,73,73,5.558614015579224,0.092803955078125,3,3,1.0,1.0,2,1.670894702275594,1.51922607421875,3.347321033477783,0.3397212028503418,4.612104177474976,0.060858726501464844,0.9200867397955007
15,zhuzhou_n15_p8_sc1_seed49_ms10,exact,15,8,1,8,8,49,8,10,900.0,OPTIMAL,OPTIMAL,8786.311144573165,8786.311144573163,-2.0702538000482142e-16,5.267939805984497,3,true,true,73,73,5.1590588092803955,0.1023869514465332,3,3,1.0,1.0,2,1.5003430843353271,0.24714875221252441,4.147273302078247,0.3944401741027832,4.038971185684204,0.06761789321899414,0.8973439092818171
18,zhuzhou_n15_p8_sc1_seed50_ms10,darp,15,8,1,8,8,50,8,10,900.0,OPTIMAL,OPTIMAL,10508.15051604073,10508.150516040729,-1.7310271686432e-16,15.352193117141724,3,true,true,103,103,15.211923122406006,0.12975597381591797,3,7,2.3333333333333335,3.0,4,4.849893252054851,5.607848882675171,6.979204893112183,0.483184814453125,13.914730072021484,0.1517648696899414,0.9563598859367304
17,zhuzhou_n15_p8_sc1_seed50_ms10,exact,15,8,1,8,8,50,8,10,900.0,OPTIMAL,OPTIMAL,10508.15051604073,10508.150516040729,-1.7310271686432e-16,5.390201091766357,3,true,true,105,105,5.28973913192749,0.09401512145996094,3,9,3.0,4.0,5,1.574769655863444,0.433521032333374,4.066145896911621,0.3402729034423828,4.223834037780762,0.1602020263671875,0.8940638867519198
20,zhuzhou_n15_p8_sc1_seed51_ms10,darp,15,8,1,8,8,51,8,10,900.0,OPTIMAL,OPTIMAL,10872.649725505817,10872.649725505817,0.0,9.64337420463562,3,true,true,328,328,9.526589155197144,0.10859394073486328,3,260,86.66666666666667,3.0,257,2.9642473061879477,2.1698670387268066,6.355185270309448,0.7755579948425293,7.910990953445435,0.2061929702758789,0.889600870675334
19,zhuzhou_n15_p8_sc1_seed51_ms10,exact,15,8,1,8,8,51,8,10,900.0,OPTIMAL,OPTIMAL,10872.649725505817,10872.649725505817,0.0,6.955322980880737,3,true,true,117,117,6.820940971374512,0.12492513656616211,3,49,16.333333333333332,2.0,47,2.000524123509725,0.33156824111938477,5.513103246688843,0.49323320388793945,5.2941999435424805,0.21413922309875488,0.8821354832843041
22,zhuzhou_n20_p8_sc1_seed42_ms10,darp,20,8,1,8,8,42,10,10,900.0,OPTIMAL,OPTIMAL,15318.571458915596,15318.571458915596,0.0,1809.187903881073,2,false,false,128,128,1809.07652592659,0.0977029800415039,2,2,1.0,1.0,2,904.1308431625366,904.1308431625366,905.2514600753784,0.35111308097839355,1807.9104161262512,0.0001571178436279297,0.999805741502196
21,zhuzhou_n20_p8_sc1_seed42_ms10,exact,20,8,1,8,8,42,10,10,900.0,OPTIMAL,OPTIMAL,10973.14334303643,10973.14334303643,0.0,44.31021809577942,7,true,true,753,753,44.170791149139404,0.1298389434814453,7,627,89.57142857142857,33.0,344,6.215531076703753,6.070190191268921,7.79544997215271,0.42233824729919434,42.85922932624817,0.22714996337890625,0.9850722281086113
24,zhuzhou_n20_p8_sc1_seed43_ms10,darp,20,8,1,8,8,43,10,10,900.0,OPTIMAL,OPTIMAL,8453.831113870106,8453.831113870106,0.0,420.8278419971466,3,true,true,142,142,420.7175488471985,0.10171699523925781,3,6,2.0,2.0,4,140.05204892158508,105.64663696289062,268.8414559364319,0.35146093368530273,419.6402189731598,0.16446685791015625,0.998772057018401
23,zhuzhou_n20_p8_sc1_seed43_ms10,exact,20,8,1,8,8,43,10,10,900.0,OPTIMAL,OPTIMAL,8453.831113870106,8453.831113870106,0.0,7.17657208442688,3,true,true,141,141,7.07102108001709,0.09732317924499512,3,5,1.6666666666666667,2.0,3,2.1414496103922525,0.6953918933868408,5.252295970916748,0.7287800312042236,5.568242788314819,0.12732601165771484,0.8667404175334725
26,zhuzhou_n20_p8_sc1_seed44_ms10,darp,20,8,1,8,8,44,10,10,900.0,OPTIMAL,OPTIMAL,8729.549181447557,8729.549181447559,2.0837151675732083e-16,1803.5924689769745,2,false,false,126,126,1803.48428606987,0.10012292861938477,2,1,0.5,0.5,1,901.4973330497742,901.4973330497742,902.7874071598053,0.32381582260131836,1802.6706392765045,0.0002110004425048828,0.9998202840922736
25,zhuzhou_n20_p8_sc1_seed44_ms10,exact,20,8,1,8,8,44,10,10,900.0,OPTIMAL,OPTIMAL,8529.549181447559,8529.549181447559,0.0,10.510828971862793,5,true,true,131,131,10.408231019973755,0.0949101448059082,5,6,1.2,1.0,2,1.9444332122802734,1.2216441631317139,5.292263984680176,0.41484498977661133,9.258267164230347,0.04905390739440918,0.9522844092313155
28,zhuzhou_n20_p8_sc1_seed45_ms10,darp,20,8,1,8,8,45,10,10,900.0,OPTIMAL,OPTIMAL,4698.957303403174,4698.957303403174,0.0,903.262405872345,1,false,false,80,80,903.1564779281616,0.10081005096435547,1,0,0.0,0.0,0,902.5872628688812,902.5872628688812,902.5872628688812,0.34741902351379395,902.2398438453674,0.0,0.9996150853908469
27,zhuzhou_n20_p8_sc1_seed45_ms10,exact,20,8,1,8,8,45,10,10,900.0,OPTIMAL,OPTIMAL,4698.957303403174,4698.957303403174,0.0,3.8732619285583496,1,true,true,80,80,3.776942014694214,0.09131598472595215,1,0,0.0,0.0,0,3.2496910095214844,3.2496910095214844,3.2496910095214844,0.3463630676269531,2.9033279418945312,0.0,0.8934166151144459
30,zhuzhou_n20_p8_sc1_seed46_ms10,darp,20,8,1,8,8,46,10,10,900.0,OPTIMAL,OPTIMAL,8726.432030037711,8726.432030037711,0.0,1809.544145822525,3,false,false,115,115,1809.4206929206848,0.11306595802307129,3,7,2.3333333333333335,1.0,6,602.854779958725,900.0377218723297,901.739933013916,0.5223047733306885,1808.041659116745,0.00037598609924316406,0.9997109968675675
29,zhuzhou_n20_p8_sc1_seed46_ms10,exact,20,8,1,8,8,46,10,10,900.0,OPTIMAL,OPTIMAL,8526.432030037713,8526.432030037713,0.0,9.82194709777832,8,true,true,122,122,9.718749046325684,0.09665203094482422,8,14,1.75,1.5,5,1.1443628370761871,0.743040919303894,4.066615104675293,0.35167622566223145,8.61681079864502,0.1864156723022461,0.9412236354883642
32,zhuzhou_n20_p8_sc1_seed47_ms10,darp,20,8,1,8,8,47,10,10,900.0,OPTIMAL,OPTIMAL,11706.278586509543,11706.278586509543,0.0,903.0789310932159,1,false,false,159,159,902.9837489128113,0.08860301971435547,1,0,0.0,0.0,0,902.522204875946,902.522204875946,902.522204875946,0.5654599666595459,901.9567449092865,0.0,0.9993734669755441
31,zhuzhou_n20_p8_sc1_seed47_ms10,exact,20,8,1,8,8,47,10,10,900.0,OPTIMAL,OPTIMAL,9348.086617646584,9348.086617646584,0.0,8.853806972503662,2,true,true,344,344,8.757957935333252,0.08838605880737305,2,185,92.5,92.5,185,4.010096430778503,4.010096430778503,6.3344409465789795,0.3181419372558594,7.448915958404541,0.25313496589660645,0.9287701788456044
34,zhuzhou_n20_p8_sc1_seed48_ms10,darp,20,8,1,8,8,48,10,10,900.0,OPTIMAL,OPTIMAL,8595.934171280716,8595.934171280716,0.0,1295.8558411598206,2,false,false,145,145,1295.7569971084595,0.09055781364440918,2,3,1.5,1.5,3,647.5955730676651,647.5955730676651,900.0766022205353,0.3448910713195801,1294.8460719585419,0.00018310546875,0.999733572779726
33,zhuzhou_n20_p8_sc1_seed48_ms10,exact,20,8,1,8,8,48,10,10,900.0,OPTIMAL,OPTIMAL,8395.934171280716,8395.934171280716,0.0,6.529728174209595,5,true,true,148,148,6.437687158584595,0.08428716659545898,5,6,1.2,1.0,3,1.1314378261566163,0.5277788639068604,3.7973721027374268,0.33334803581237793,5.216186046600342,0.10765504837036133,0.9220455470044194
36,zhuzhou_n20_p8_sc1_seed49_ms10,darp,20,8,1,8,8,49,10,10,900.0,OPTIMAL,OPTIMAL,8335.795420175651,8335.795420175651,0.0,278.8182249069214,3,true,true,136,136,278.4527778625488,0.3551769256591797,3,3,1.0,1.0,2,92.56079761187236,37.83829402923584,232.49991393089294,0.5902500152587891,277.0917489528656,0.00039386749267578125,0.997872951623904
35,zhuzhou_n20_p8_sc1_seed49_ms10,exact,20,8,1,8,8,49,10,10,900.0,OPTIMAL,OPTIMAL,8335.795420175651,8335.795420175651,0.0,7.0505170822143555,3,true,true,136,136,6.900052070617676,0.14209389686584473,3,3,1.0,1.0,2,2.032684564590454,0.4147038459777832,5.424207925796509,0.4864938259124756,5.611279726028442,0.00028014183044433594,0.920175519569446
38,zhuzhou_n20_p8_sc1_seed50_ms10,darp,20,8,1,8,8,50,10,10,900.0,OPTIMAL,OPTIMAL,8619.918815875335,8619.918815875335,0.0,1804.7833859920502,3,false,false,113,113,1804.6804728507996,0.09440994262695312,3,4,1.3333333333333333,1.0,3,601.3743751049042,900.0107791423798,900.0425541400909,0.34593701362609863,1803.7768743038177,0.0003139972686767578,0.9998080779487628
37,zhuzhou_n20_p8_sc1_seed50_ms10,exact,20,8,1,8,8,50,10,10,900.0,OPTIMAL,OPTIMAL,8419.918815875335,8419.918815875335,0.0,9.554544925689697,6,true,true,117,117,9.43979001045227,0.10703516006469727,6,8,1.3333333333333333,1.0,3,1.444655974706014,0.660279393196106,5.491376161575317,0.5444989204406738,8.047777891159058,0.07565903663635254,0.9284537901600612
40,zhuzhou_n20_p8_sc1_seed51_ms10,darp,20,8,1,8,8,51,10,10,900.0,OPTIMAL,OPTIMAL,10338.263438408088,10338.263438408088,0.0,1804.333503961563,2,false,false,141,141,1804.1946339607239,0.12604594230651855,2,11,5.5,5.5,11,901.7865436077118,901.7865436077118,903.4376213550568,0.3933250904083252,1803.0958659648895,0.08389616012573242,0.9997354023222476
39,zhuzhou_n20_p8_sc1_seed51_ms10,exact,20,8,1,8,8,51,10,10,900.0,OPTIMAL,OPTIMAL,9385.143438408086,9385.143438408086,0.0,8.942831039428711,3,true,true,316,316,8.544564962387085,0.39099884033203125,3,186,62.0,6.0,180,2.656043847401937,1.054670810699463,6.201997995376587,0.3441598415374756,7.392611742019653,0.23135995864868164,0.9277723018078041
42,zhuzhou_n25_p8_sc1_seed42_ms10,darp,25,8,1,8,8,42,13,10,900.0,OPTIMAL,OPTIMAL,12032.41622154315,12032.41622154315,0.0,1803.6666150093079,2,false,false,248,248,1803.573891878128,0.0829169750213623,2,2,1.0,1.0,2,901.5116115808487,901.5116115808487,902.9469950199127,0.35064697265625,1802.672394990921,0.0001811981201171875,0.9998054222672955
41,zhuzhou_n25_p8_sc1_seed42_ms10,exact,25,8,1,8,8,42,13,10,900.0,OPTIMAL,OPTIMAL,12032.41622154315,12032.41622154315,0.0,127.15621304512024,3,true,true,250,250,127.047189950943,0.10078287124633789,3,4,1.3333333333333333,2.0,2,42.162848234176636,40.59550595283508,48.73598098754883,0.34682488441467285,126.14143705368042,0.0002827644348144531,0.9972558175156034
44,zhuzhou_n25_p8_sc1_seed43_ms10,darp,25,8,1,8,8,43,13,10,900.0,OPTIMAL,OPTIMAL,8298.276174955055,8298.276174955055,0.0,172.7852020263672,2,true,true,166,166,172.67118096351624,0.10313701629638672,2,2,1.0,1.0,2,85.98152160644531,85.98152160644531,163.98480010032654,0.4238772392272949,171.53902101516724,0.00014495849609375,0.9975342248555206
43,zhuzhou_n25_p8_sc1_seed43_ms10,exact,25,8,1,8,8,43,13,10,900.0,OPTIMAL,OPTIMAL,8298.276174955055,8298.276174955055,0.0,15.188092947006226,2,true,true,166,166,15.081187963485718,0.09936213493347168,2,2,1.0,1.0,2,7.244857430458069,7.244857430458069,8.38317084312439,0.3684210777282715,14.121120929718018,0.0001728534698486328,0.9745616849788847
46,zhuzhou_n25_p8_sc1_seed44_ms10,darp,25,8,1,8,8,44,13,10,900.0,OPTIMAL,OPTIMAL,8779.289973551746,8779.289973551744,-2.071909469929454e-16,904.011803150177,1,false,false,174,174,903.891627073288,0.1141519546508789,1,0,0.0,0.0,0,903.2341089248657,903.2341089248657,903.2341089248657,0.47043395042419434,902.7636749744415,0.0,0.9994791671995379
45,zhuzhou_n25_p8_sc1_seed44_ms10,exact,25,8,1,8,8,44,13,10,900.0,OPTIMAL,OPTIMAL,8579.289973551746,8579.289973551746,0.0,70.094074010849,5,true,true,182,182,69.99180221557617,0.09486794471740723,5,8,1.6,2.0,3,13.860472297668457,13.445090055465698,16.891597270965576,0.41143012046813965,68.82476902008057,0.0661623477935791,0.9931085686258749
48,zhuzhou_n25_p8_sc1_seed45_ms10,darp,25,8,1,8,8,45,13,10,900.0,OPTIMAL,OPTIMAL,4519.772010615653,4519.772010615653,0.0,209.34539604187012,2,true,true,239,239,209.22686386108398,0.11180400848388672,2,1,0.5,0.5,1,104.27602934837341,104.27602934837341,194.6367609500885,0.4147968292236328,208.13708400726318,0.00017786026000976562,0.9980102105341139
47,zhuzhou_n25_p8_sc1_seed45_ms10,exact,25,8,1,8,8,45,13,10,900.0,OPTIMAL,OPTIMAL,4519.772010615653,4519.772010615653,0.0,7.266647100448608,2,true,true,239,239,7.154141187667847,0.10498380661010742,2,1,0.5,0.5,1,3.2213820219039917,3.2213820219039917,5.388978958129883,0.4185521602630615,6.024061918258667,0.0001499652862548828,0.9350120347878139
50,zhuzhou_n25_p8_sc1_seed46_ms10,darp,25,8,1,8,8,46,13,10,900.0,OPTIMAL,OPTIMAL,8298.040697501434,8298.040697501434,0.0,908.832841873169,2,false,false,168,168,908.6923389434814,0.12997198104858398,2,4,2.0,2.0,4,454.02473652362823,454.02473652362823,900.9593081474304,0.4402759075164795,907.60902094841,0.0001761913299560547,0.9995149470244519
49,zhuzhou_n25_p8_sc1_seed46_ms10,exact,25,8,1,8,8,46,13,10,900.0,OPTIMAL,OPTIMAL,8298.040697501434,8298.040697501434,0.0,41.24385213851929,5,true,true,172,172,41.13467597961426,0.10040402412414551,5,8,1.6,1.0,4,8.09975233078003,7.914315938949585,9.316442012786865,0.41973304748535156,40.00880789756775,0.0702207088470459,0.9879020064731976
52,zhuzhou_n25_p8_sc1_seed47_ms10,darp,25,8,1,8,8,47,13,10,900.0,OPTIMAL,OPTIMAL,11994.65094509283,11994.65094509283,0.0,920.5126428604126,1,false,false,242,242,920.3939859867096,0.11289286613464355,1,0,0.0,0.0,0,919.7638483047485,919.7638483047485,919.7638483047485,0.404069185256958,919.3597791194916,0.0,0.9995606815966928
51,zhuzhou_n25_p8_sc1_seed47_ms10,exact,25,8,1,8,8,47,13,10,900.0,OPTIMAL,OPTIMAL,11994.65094509283,11994.65094509283,0.0,941.2021911144257,3,true,true,247,247,941.0879600048065,0.10505795478820801,3,5,1.6666666666666667,1.0,4,313.5183006127675,441.40091371536255,451.27832889556885,0.6328127384185791,939.9217700958252,0.0003190040588378906,0.9993268529660098
54,zhuzhou_n25_p8_sc1_seed48_ms10,darp,25,8,1,8,8,48,13,10,900.0,OPTIMAL,OPTIMAL,8290.024442813152,8290.024442813152,0.0,938.4987089633942,2,false,false,187,187,938.3684570789337,0.12059998512268066,2,3,1.5,1.5,3,468.8456920385361,468.8456920385361,900.0412340164185,0.4297769069671631,937.2613980770111,0.0002090930938720703,0.9995414418780394
53,zhuzhou_n25_p8_sc1_seed48_ms10,exact,25,8,1,8,8,48,13,10,900.0,OPTIMAL,OPTIMAL,8290.024442813152,8290.024442813152,0.0,37.911031007766724,3,true,true,188,188,37.79097104072571,0.1109321117401123,3,4,1.3333333333333333,1.0,3,12.378495613733927,12.630424976348877,13.119447946548462,0.381436824798584,36.753674030303955,0.00037598609924316406,0.9897183841286226
56,zhuzhou_n25_p8_sc1_seed49_ms10,darp,25,8,1,8,8,49,13,10,900.0,OPTIMAL,OPTIMAL,8185.920559621029,8185.920559621028,-1.11104755433277e-16,923.4573259353638,2,false,false,243,243,923.3332419395447,0.11354184150695801,2,1,0.5,0.5,1,461.3280580043793,461.3280580043793,900.0190019607544,0.45670199394226074,922.1992712020874,0.00014281272888183594,0.9995048590707366
55,zhuzhou_n25_p8_sc1_seed49_ms10,exact,25,8,1,8,8,49,13,10,900.0,OPTIMAL,OPTIMAL,8185.920559621029,8185.920559621028,-1.11104755433277e-16,12.629884004592896,2,true,true,243,243,12.521972179412842,0.09911394119262695,2,1,0.5,0.5,1,5.908272385597229,5.908272385597229,8.144421100616455,0.42479491233825684,11.391597747802734,0.00015211105346679688,0.9640379627361435
58,zhuzhou_n25_p8_sc1_seed50_ms10,darp,25,8,1,8,8,50,13,10,900.0,OPTIMAL,OPTIMAL,8322.91698521837,8322.916985218368,-2.1855190995854104e-16,905.591276884079,1,false,false,200,200,905.425833940506,0.15945887565612793,1,0,0.0,0.0,0,904.7596879005432,904.7596879005432,904.7596879005432,0.45929789543151855,904.3003900051117,0.0,0.9994923537138383
57,zhuzhou_n25_p8_sc1_seed50_ms10,exact,25,8,1,8,8,50,13,10,900.0,OPTIMAL,OPTIMAL,8322.91698521837,8322.916985218368,-2.1855190995854104e-16,23.02906084060669,2,true,true,203,203,22.924028873443604,0.09548807144165039,2,3,1.5,1.5,3,11.127725005149841,11.127725005149841,12.451559066772461,0.45460081100463867,21.800727128982544,0.0001220703125,0.9795680212664001
60,zhuzhou_n25_p8_sc1_seed51_ms10,darp,25,8,1,8,8,51,13,10,900.0,OPTIMAL,OPTIMAL,8613.72117526794,8613.72117526794,0.0,915.4952509403229,2,false,false,235,235,915.3148939609528,0.17209887504577637,2,5,2.5,2.5,5,457.394823551178,457.394823551178,900.0929038524628,0.39173007011413574,914.3346500396729,0.06326699256896973,0.9995026211062572
59,zhuzhou_n25_p8_sc1_seed51_ms10,exact,25,8,1,8,8,51,13,10,900.0,OPTIMAL,OPTIMAL,8413.72117526794,8413.72117526794,0.0,23.585421085357666,3,true,true,235,235,23.49186611175537,0.08617997169494629,3,5,1.6666666666666667,2.0,3,7.6467587153116865,7.35594916343689,8.929872035980225,0.34000110626220703,22.49489116668701,0.10538387298583984,0.9805850210165422
