job_id,cell_id,substudy,axis_value,arm,method,n_stations,n_pairs,n_scenarios,seed,max_stops,n_threads,time_limit_sec,certifying_time_limit_sec,total_time_limit_sec,max_routes,status,termination_status,objective_value,wall_sec,n_columns,cg_iterations,cg_converged,cg_pricing_exhausted,error_message,julia_threads,scenario_search_sec_sum,scenario_search_sec_max,scenario_search_sec_min,n_scenario_searches,cg_stop_reason,cg_total_budget_exhausted,cg_certifying_rounds,objective_agreement
1,stations_10_n10_p16_s3_ms10_seed42,stations,10,serial,cg_exact,10,16,3,42,10,1,300.0,3600.0,21600.0,2000000,exhausted,OPTIMAL,39788.491325390925,22.653329133987427,1394,22,true,true,,1,5.602551460266113,2.8887298107147217,0.010504007339477539,66,converged,false,0,true
2,stations_10_n10_p16_s3_ms10_seed43,stations,10,serial,cg_exact,10,16,3,43,10,1,300.0,3600.0,21600.0,2000000,exhausted,OPTIMAL,39385.015721060925,15.96785306930542,1875,42,true,true,,1,3.8803553581237793,1.676758050918579,0.006604909896850586,126,converged,false,0,true
3,stations_10_n10_p16_s3_ms10_seed44,stations,10,serial,cg_exact,10,16,3,44,10,1,300.0,3600.0,21600.0,2000000,exhausted,OPTIMAL,41855.517926361776,17.17247486114502,1160,26,true,true,,1,5.072284698486328,1.6453590393066406,0.012134075164794922,78,converged,false,0,true
4,stations_10_n10_p16_s3_ms10_seed45,stations,10,serial,cg_exact,10,16,3,45,10,1,300.0,3600.0,21600.0,2000000,exhausted,OPTIMAL,48837.88872906758,17.76652717590332,1808,12,true,true,,1,4.0936195850372314,2.0559751987457275,0.020045042037963867,36,converged,false,0,true
5,stations_10_n10_p16_s3_ms10_seed46,stations,10,serial,cg_exact,10,16,3,46,10,1,300.0,3600.0,21600.0,2000000,exhausted,OPTIMAL,44166.83319734757,14.506740093231201,2293,14,true,true,,1,3.1478354930877686,1.7448680400848389,0.008540153503417969,42,converged,false,0,true
6,stations_10_n10_p16_s3_ms10_seed47,stations,10,serial,cg_exact,10,16,3,47,10,1,300.0,3600.0,21600.0,2000000,exhausted,OPTIMAL,43206.93130825111,13.666454076766968,1101,20,true,true,,1,3.3751771450042725,1.3764069080352783,0.005357027053833008,60,converged,false,0,true
7,stations_10_n10_p16_s3_ms10_seed48,stations,10,serial,cg_exact,10,16,3,48,10,1,300.0,3600.0,21600.0,2000000,exhausted,OPTIMAL,48485.74319592428,24.148667097091675,2356,58,true,true,,1,8.088158369064331,2.4013280868530273,0.017189979553222656,174,converged,false,0,true
8,stations_10_n10_p16_s3_ms10_seed49,stations,10,serial,cg_exact,10,16,3,49,10,1,300.0,3600.0,21600.0,2000000,exhausted,OPTIMAL,52541.77201496407,20.108994007110596,2588,10,true,true,,1,4.493748664855957,2.0566060543060303,0.01672220230102539,30,converged,false,0,true
9,stations_10_n10_p16_s3_ms10_seed50,stations,10,serial,cg_exact,10,16,3,50,10,1,300.0,3600.0,21600.0,2000000,exhausted,OPTIMAL,38131.120068363554,14.35027813911438,477,33,true,true,,1,4.129351615905762,1.2475900650024414,0.009495973587036133,99,converged,false,0,true
10,stations_10_n10_p16_s3_ms10_seed51,stations,10,serial,cg_exact,10,16,3,51,10,1,300.0,3600.0,21600.0,2000000,exhausted,OPTIMAL,45153.68994166699,14.934194087982178,815,33,true,true,,1,4.132360458374023,1.4806389808654785,0.00863504409790039,99,converged,false,0,true
11,stations_20_n20_p16_s3_ms10_seed42,stations,20,serial,cg_exact,20,16,3,42,10,1,300.0,3600.0,21600.0,2000000,exhausted,OPTIMAL,34022.65141937083,2735.122006893158,14856,19,true,true,,1,2720.932030916214,154.40712714195251,4.281200885772705,66,converged,false,3,true
12,stations_20_n20_p16_s3_ms10_seed43,stations,20,serial,cg_exact,20,16,3,43,10,1,300.0,3600.0,21600.0,2000000,exhausted,OPTIMAL,32008.921569910315,1237.705186843872,37256,13,true,true,,1,1217.662181854248,114.18014907836914,7.420420169830322,39,converged,false,0,true
13,stations_20_n20_p16_s3_ms10_seed44,stations,20,serial,cg_exact,20,16,3,44,10,1,300.0,3600.0,21600.0,2000000,exhausted,OPTIMAL,31315.148144230654,865.1513969898224,17647,14,true,true,,1,850.6366484165192,79.94969081878662,2.2468881607055664,42,converged,false,0,true
14,stations_20_n20_p16_s3_ms10_seed45,stations,20,serial,cg_exact,20,16,3,45,10,1,300.0,3600.0,21600.0,2000000,exhausted,OPTIMAL,35249.91507991041,3516.581752061844,23254,15,true,true,,1,3486.6380093097687,128.5463399887085,26.432176113128662,45,converged,false,0,true
15,stations_20_n20_p16_s3_ms10_seed46,stations,20,serial,cg_exact,20,16,3,46,10,1,300.0,3600.0,21600.0,2000000,exhausted,OPTIMAL,30683.733617821486,3675.3875160217285,12561,21,true,true,,1,3648.7780447006226,118.12991094589233,9.812227964401245,63,converged,false,0,true
16,stations_20_n20_p16_s3_ms10_seed47,stations,20,serial,cg_exact,20,16,3,47,10,1,300.0,3600.0,21600.0,2000000,exhausted,OPTIMAL,30956.174769570935,3136.3824648857117,15843,22,true,true,,1,3108.1958689689636,143.12762594223022,17.471121788024902,66,converged,false,0,true
17,stations_20_n20_p16_s3_ms10_seed48,stations,20,serial,cg_exact,20,16,3,48,10,1,300.0,3600.0,21600.0,2000000,exhausted,OPTIMAL,29400.637714141347,2168.7257220745087,18255,17,true,true,,1,2140.252187728882,127.5609040260315,8.011816024780273,51,converged,false,0,true
18,stations_20_n20_p16_s3_ms10_seed49,stations,20,serial,cg_exact,20,16,3,49,10,1,300.0,3600.0,21600.0,2000000,exhausted,OPTIMAL,29484.953700955495,934.3870639801025,9503,23,true,true,,1,919.7917087078094,31.42059898376465,3.1162071228027344,69,converged,false,0,true
19,stations_20_n20_p16_s3_ms10_seed50,stations,20,serial,cg_exact,20,16,3,50,10,1,300.0,3600.0,21600.0,2000000,exhausted,OPTIMAL,35566.36579575094,1178.6324889659882,13687,8,true,true,,1,1163.1417934894562,134.8645179271698,8.020843982696533,24,converged,false,0,true
20,stations_20_n20_p16_s3_ms10_seed51,stations,20,serial,cg_exact,20,16,3,51,10,1,300.0,3600.0,21600.0,2000000,exhausted,OPTIMAL,27547.637609637524,758.2281410694122,8350,23,true,true,,1,744.4906916618347,86.35063195228577,1.651318073272705,69,converged,false,0,true
21,stations_30_n30_p16_s3_ms10_seed42,stations,30,serial,cg_exact,30,16,3,42,10,1,300.0,3600.0,21600.0,2000000,incomplete,OPTIMAL,27928.972778404765,21439.211380004883,1472,20,false,false,,1,21427.27792406082,1441.7123398780823,99.26741600036621,78,pricing_inconclusive,false,6,
22,stations_30_n30_p16_s3_ms10_seed43,stations,30,serial,cg_exact,30,16,3,43,10,1,300.0,3600.0,21600.0,2000000,budget_exhausted,OPTIMAL,31860.754622378834,21608.042426109314,1549,14,false,false,,1,21595.94221663475,1664.550668001175,99.28770399093628,57,total_budget,true,5,
23,stations_30_n30_p16_s3_ms10_seed44,stations,30,serial,cg_exact,30,16,3,44,10,1,300.0,3600.0,21600.0,2000000,incomplete,OPTIMAL,29859.520694420156,20111.970556020737,3708,19,false,false,,1,20100.318786859512,2307.0425078868866,99.33047389984131,69,pricing_inconclusive,false,4,
24,stations_30_n30_p16_s3_ms10_seed45,stations,30,serial,cg_exact,30,16,3,45,10,1,300.0,3600.0,21600.0,2000000,incomplete,OPTIMAL,32663.453464587674,21569.641327142715,1966,20,false,false,,1,21558.017749786377,1209.0408008098602,99.3636109828949,78,pricing_inconclusive,false,6,
25,stations_30_n30_p16_s3_ms10_seed46,stations,30,serial,cg_exact,30,16,3,46,10,1,300.0,3600.0,21600.0,2000000,budget_exhausted,OPTIMAL,28439.018408721306,21609.35466313362,9005,34,false,false,,1,21594.268152475357,1558.065887928009,99.30355310440063,114,total_budget,true,4,
26,stations_30_n30_p16_s3_ms10_seed47,stations,30,serial,cg_exact,30,16,3,47,10,1,300.0,3600.0,21600.0,2000000,incomplete,OPTIMAL,32012.05208194018,6034.82356095314,1317,11,false,false,,1,6024.567712545395,1200.0179450511932,11.152698040008545,36,pricing_inconclusive,false,1,
27,stations_30_n30_p16_s3_ms10_seed48,stations,30,serial,cg_exact,30,16,3,48,10,1,300.0,3600.0,21600.0,2000000,budget_exhausted,OPTIMAL,33043.88236795795,21607.421988010406,2635,15,false,false,,1,21595.69388127327,1200.029345035553,99.4009690284729,63,total_budget,true,6,
28,stations_30_n30_p16_s3_ms10_seed49,stations,30,serial,cg_exact,30,16,3,49,10,1,300.0,3600.0,21600.0,2000000,budget_exhausted,OPTIMAL,28325.276386239686,21607.370887994766,2622,15,false,false,,1,21596.48871397972,2523.758985042572,99.38095998764038,60,total_budget,true,5,
29,stations_30_n30_p16_s3_ms10_seed50,stations,30,serial,cg_exact,30,16,3,50,10,1,300.0,3600.0,21600.0,2000000,exhausted,OPTIMAL,26199.771542528353,4192.189326047897,1415,9,true,true,,1,4182.179162740707,659.9292888641357,99.43820118904114,30,converged,false,1,true
30,stations_30_n30_p16_s3_ms10_seed51,stations,30,serial,cg_exact,30,16,3,51,10,1,300.0,3600.0,21600.0,2000000,budget_exhausted,OPTIMAL,38884.089760254516,21607.919367074966,1511,15,false,false,,1,21596.840658187866,1200.0276188850403,99.38154196739197,60,total_budget,true,5,
31,stations_10_n10_p16_s3_ms10_seed42,stations,10,parallel,cg_exact,10,16,3,42,10,3,300.0,3600.0,21600.0,2000000,exhausted,OPTIMAL,39788.491325390925,15.894856929779053,1394,22,true,true,,3,5.588229656219482,1.477226972579956,0.007524967193603516,66,converged,false,0,true
32,stations_10_n10_p16_s3_ms10_seed43,stations,10,parallel,cg_exact,10,16,3,43,10,3,300.0,3600.0,21600.0,2000000,exhausted,OPTIMAL,39385.015721060925,12.25143814086914,1875,42,true,true,,3,4.855258464813232,0.8501322269439697,0.006150007247924805,126,converged,false,0,true
33,stations_10_n10_p16_s3_ms10_seed44,stations,10,parallel,cg_exact,10,16,3,44,10,3,300.0,3600.0,21600.0,2000000,exhausted,OPTIMAL,41855.517926361776,14.128890037536621,1160,26,true,true,,3,6.253697872161865,1.2953290939331055,0.011796951293945312,78,converged,false,0,true
34,stations_10_n10_p16_s3_ms10_seed45,stations,10,parallel,cg_exact,10,16,3,45,10,3,300.0,3600.0,21600.0,2000000,exhausted,OPTIMAL,48837.88872906758,12.69713807106018,1808,12,true,true,,3,4.93166446685791,1.2146739959716797,0.0202028751373291,36,converged,false,0,true
35,stations_10_n10_p16_s3_ms10_seed46,stations,10,parallel,cg_exact,10,16,3,46,10,3,300.0,3600.0,21600.0,2000000,exhausted,OPTIMAL,44166.83319734757,14.830339908599854,2293,14,true,true,,3,4.769997835159302,1.3168511390686035,0.008723020553588867,42,converged,false,0,true
36,stations_10_n10_p16_s3_ms10_seed47,stations,10,parallel,cg_exact,10,16,3,47,10,3,300.0,3600.0,21600.0,2000000,exhausted,OPTIMAL,43206.93130825111,14.07266879081726,1101,20,true,true,,3,4.968567371368408,1.3928179740905762,0.006105899810791016,60,converged,false,0,true
37,stations_10_n10_p16_s3_ms10_seed48,stations,10,parallel,cg_exact,10,16,3,48,10,3,300.0,3600.0,21600.0,2000000,exhausted,OPTIMAL,48485.74319592428,16.314138889312744,2356,58,true,true,,3,8.752054452896118,0.9840860366821289,0.015179157257080078,174,converged,false,0,true
38,stations_10_n10_p16_s3_ms10_seed49,stations,10,parallel,cg_exact,10,16,3,49,10,3,300.0,3600.0,21600.0,2000000,exhausted,OPTIMAL,52541.77201496407,14.880474090576172,2588,10,true,true,,3,5.579894542694092,1.4452087879180908,0.013812065124511719,30,converged,false,0,true
39,stations_10_n10_p16_s3_ms10_seed50,stations,10,parallel,cg_exact,10,16,3,50,10,3,300.0,3600.0,21600.0,2000000,exhausted,OPTIMAL,38131.120068363554,14.516222953796387,477,33,true,true,,3,6.480497598648071,0.9094130992889404,0.011188030242919922,99,converged,false,0,true
40,stations_10_n10_p16_s3_ms10_seed51,stations,10,parallel,cg_exact,10,16,3,51,10,3,300.0,3600.0,21600.0,2000000,exhausted,OPTIMAL,45153.68994166699,15.055176019668579,815,33,true,true,,3,5.849118709564209,1.115173101425171,0.009093046188354492,99,converged,false,0,true
41,stations_20_n20_p16_s3_ms10_seed42,stations,20,parallel,cg_exact,20,16,3,42,10,3,300.0,3600.0,21600.0,2000000,exhausted,OPTIMAL,34022.65141937083,2935.5757479667664,16654,15,true,true,,3,3414.638742685318,300.00132989883423,7.277318954467773,45,converged,false,0,true
42,stations_20_n20_p16_s3_ms10_seed43,stations,20,parallel,cg_exact,20,16,3,43,10,3,300.0,3600.0,21600.0,2000000,exhausted,OPTIMAL,32008.92156991032,1049.3084831237793,36318,25,true,true,,3,2259.5111844539642,146.1085720062256,8.326076984405518,75,converged,false,0,true
43,stations_20_n20_p16_s3_ms10_seed44,stations,20,parallel,cg_exact,20,16,3,44,10,3,300.0,3600.0,21600.0,2000000,exhausted,OPTIMAL,31315.148144230654,621.9505519866943,17647,14,true,true,,3,1140.606908082962,102.52879810333252,3.24025821685791,42,converged,false,0,true
44,stations_20_n20_p16_s3_ms10_seed45,stations,20,parallel,cg_exact,20,16,3,45,10,3,300.0,3600.0,21600.0,2000000,exhausted,OPTIMAL,35249.91507991041,1200.467060804367,29696,18,true,true,,3,1739.8417036533356,115.91727805137634,6.947954893112183,54,converged,false,0,true
45,stations_20_n20_p16_s3_ms10_seed46,stations,20,parallel,cg_exact,20,16,3,46,10,3,300.0,3600.0,21600.0,2000000,exhausted,OPTIMAL,30683.733617821486,1402.510057926178,27341,17,true,true,,3,2010.3823306560516,155.34087991714478,8.365401983261108,51,converged,false,0,true
46,stations_20_n20_p16_s3_ms10_seed47,stations,20,parallel,cg_exact,20,16,3,47,10,3,300.0,3600.0,21600.0,2000000,exhausted,OPTIMAL,30956.174769570935,592.6354598999023,16116,22,true,true,,3,1234.742625951767,48.71922993659973,8.400799036026001,66,converged,false,0,true
47,stations_20_n20_p16_s3_ms10_seed48,stations,20,parallel,cg_exact,20,16,3,48,10,3,300.0,3600.0,21600.0,2000000,exhausted,OPTIMAL,29400.637714141347,645.2989659309387,22762,26,true,true,,3,1110.5194835662842,66.01823806762695,3.8928239345550537,78,converged,false,0,true
48,stations_20_n20_p16_s3_ms10_seed49,stations,20,parallel,cg_exact,20,16,3,49,10,3,300.0,3600.0,21600.0,2000000,exhausted,OPTIMAL,29484.953700955495,504.75770688056946,9503,23,true,true,,3,977.6832096576691,31.197943925857544,4.083926200866699,69,converged,false,0,true
49,stations_20_n20_p16_s3_ms10_seed50,stations,20,parallel,cg_exact,20,16,3,50,10,3,300.0,3600.0,21600.0,2000000,exhausted,OPTIMAL,35566.36579575094,628.5879669189453,13687,8,true,true,,3,1105.4011647701263,132.54156589508057,9.319439888000488,24,converged,false,0,true
50,stations_20_n20_p16_s3_ms10_seed51,stations,20,parallel,cg_exact,20,16,3,51,10,3,300.0,3600.0,21600.0,2000000,exhausted,OPTIMAL,27547.637609637524,486.8714499473572,8350,23,true,true,,3,771.9559853076935,72.11396098136902,1.8031470775604248,69,converged,false,0,true
51,stations_30_n30_p16_s3_ms10_seed42,stations,30,parallel,cg_exact,30,16,3,42,10,3,300.0,3600.0,21600.0,2000000,budget_exhausted,OPTIMAL,27909.03539759657,21608.716041088104,1505,26,false,false,,3,43950.37165474892,2344.219456911087,142.16926288604736,99,total_budget,true,7,
52,stations_30_n30_p16_s3_ms10_seed43,stations,30,parallel,cg_exact,30,16,3,43,10,3,300.0,3600.0,21600.0,2000000,incomplete,OPTIMAL,31807.18489912362,6613.294816970825,8199,10,false,false,,3,15315.414214611053,3600.037339925766,300.00039196014404,33,pricing_inconclusive,false,1,
53,stations_30_n30_p16_s3_ms10_seed44,stations,30,parallel,cg_exact,30,16,3,44,10,3,300.0,3600.0,21600.0,2000000,incomplete,OPTIMAL,29859.520694420156,18012.42969894409,4754,12,false,false,,3,32430.496655464172,3600.0208270549774,245.4260230064392,48,pricing_inconclusive,false,4,
54,stations_30_n30_p16_s3_ms10_seed45,stations,30,parallel,cg_exact,30,16,3,45,10,3,300.0,3600.0,21600.0,2000000,budget_exhausted,OPTIMAL,32663.45346458767,21608.695989847183,3449,13,false,false,,3,42461.823023080826,3600.0382521152496,300.0006539821625,54,total_budget,true,5,
55,stations_30_n30_p16_s3_ms10_seed46,stations,30,parallel,cg_exact,30,16,3,46,10,3,300.0,3600.0,21600.0,2000000,budget_exhausted,OPTIMAL,28439.01840872131,21609.54015493393,8054,26,false,false,,3,47732.271782398224,2934.335813999176,300.0001850128174,102,total_budget,true,8,
56,stations_30_n30_p16_s3_ms10_seed47,stations,30,parallel,cg_exact,30,16,3,47,10,3,300.0,3600.0,21600.0,2000000,incomplete,OPTIMAL,32012.052081940175,6912.0283851623535,1308,11,false,false,,3,14384.612931728363,3600.0129668712616,17.580430030822754,36,pricing_inconclusive,false,1,
57,stations_30_n30_p16_s3_ms10_seed48,stations,30,parallel,cg_exact,30,16,3,48,10,3,300.0,3600.0,21600.0,2000000,incomplete,OPTIMAL,32691.53871868326,10812.919127941132,4100,12,false,false,,3,26476.463421821594,3600.025801897049,300.00061202049255,42,pricing_inconclusive,false,2,
58,stations_30_n30_p16_s3_ms10_seed49,stations,30,parallel,cg_exact,30,16,3,49,10,3,300.0,3600.0,21600.0,2000000,incomplete,OPTIMAL,28303.623043215295,7512.551641941071,3694,13,false,false,,3,13986.628672599792,3600.0040090084076,112.66834807395935,42,pricing_inconclusive,false,1,
59,stations_30_n30_p16_s3_ms10_seed50,stations,30,parallel,cg_exact,30,16,3,50,10,3,300.0,3600.0,21600.0,2000000,exhausted,OPTIMAL,26199.77154252835,3436.3222122192383,1428,9,true,true,,3,9137.325153112411,722.9107000827789,153.7466549873352,30,converged,false,1,true
60,stations_30_n30_p16_s3_ms10_seed51,stations,30,parallel,cg_exact,30,16,3,51,10,3,300.0,3600.0,21600.0,2000000,budget_exhausted,OPTIMAL,38234.23839399565,21606.982623815536,1669,13,false,false,,3,61459.888598918915,3600.6423659324646,300.0002510547638,54,total_budget,true,5,
61,passengers_8_n20_p8_s3_ms10_seed42,passengers,8,serial,cg_exact,20,8,3,42,10,1,300.0,3600.0,21600.0,2000000,exhausted,OPTIMAL,27827.163043361586,178.18729305267334,985,9,true,true,,1,162.76900172233582,21.552349090576172,1.0980761051177979,27,converged,false,0,true
62,passengers_8_n20_p8_s3_ms10_seed43,passengers,8,serial,cg_exact,20,8,3,43,10,1,300.0,3600.0,21600.0,2000000,exhausted,OPTIMAL,25239.045364839178,33.6983540058136,414,5,true,true,,1,22.584675312042236,2.9233298301696777,0.9370298385620117,15,converged,false,0,true
63,passengers_8_n20_p8_s3_ms10_seed44,passengers,8,serial,cg_exact,20,8,3,44,10,1,300.0,3600.0,21600.0,2000000,exhausted,OPTIMAL,26239.03805460804,69.59541320800781,2027,5,true,true,,1,57.03549408912659,12.089242935180664,0.68607497215271,15,converged,false,0,true
64,passengers_8_n20_p8_s3_ms10_seed45,passengers,8,serial,cg_exact,20,8,3,45,10,1,300.0,3600.0,21600.0,2000000,exhausted,OPTIMAL,22477.695932621238,36.3610520362854,386,5,true,true,,1,24.51968812942505,4.721686840057373,0.02072596549987793,15,converged,false,0,true
65,passengers_8_n20_p8_s3_ms10_seed46,passengers,8,serial,cg_exact,20,8,3,46,10,1,300.0,3600.0,21600.0,2000000,exhausted,OPTIMAL,21319.838930785412,41.21455907821655,434,10,true,true,,1,29.01477885246277,3.2635648250579834,0.028688907623291016,30,converged,false,0,true
66,passengers_8_n20_p8_s3_ms10_seed47,passengers,8,serial,cg_exact,20,8,3,47,10,1,300.0,3600.0,21600.0,2000000,exhausted,OPTIMAL,26192.836807648142,75.87422490119934,563,9,true,true,,1,66.65619564056396,8.600147008895874,0.7486891746520996,27,converged,false,0,true
67,passengers_8_n20_p8_s3_ms10_seed48,passengers,8,serial,cg_exact,20,8,3,48,10,1,300.0,3600.0,21600.0,2000000,exhausted,OPTIMAL,25941.37017274795,49.96248483657837,1534,6,true,true,,1,40.618804931640625,8.343147039413452,0.5413248538970947,18,converged,false,0,true
68,passengers_8_n20_p8_s3_ms10_seed49,passengers,8,serial,cg_exact,20,8,3,49,10,1,300.0,3600.0,21600.0,2000000,exhausted,OPTIMAL,26197.98397147778,57.36915898323059,758,9,true,true,,1,48.08708906173706,4.608022928237915,0.6620209217071533,27,converged,false,0,true
69,passengers_8_n20_p8_s3_ms10_seed50,passengers,8,serial,cg_exact,20,8,3,50,10,1,300.0,3600.0,21600.0,2000000,exhausted,OPTIMAL,27880.947211526374,331.41002798080444,515,9,true,true,,1,322.43114137649536,38.15504598617554,0.8782908916473389,27,converged,false,0,true
70,passengers_8_n20_p8_s3_ms10_seed51,passengers,8,serial,cg_exact,20,8,3,51,10,1,300.0,3600.0,21600.0,2000000,exhausted,OPTIMAL,26195.983800566795,79.43915009498596,646,8,true,true,,1,69.17949390411377,20.037265062332153,0.6186811923980713,24,converged,false,0,true
71,passengers_16_n20_p16_s3_ms10_seed42,passengers,16,serial,cg_exact,20,16,3,42,10,1,300.0,3600.0,21600.0,2000000,exhausted,OPTIMAL,34022.651419370835,3876.557792901993,12583,19,true,true,,1,3860.1385641098022,322.88497400283813,4.643203973770142,72,converged,false,5,true
72,passengers_16_n20_p16_s3_ms10_seed43,passengers,16,serial,cg_exact,20,16,3,43,10,1,300.0,3600.0,21600.0,2000000,exhausted,OPTIMAL,32008.921569910315,2096.4276921749115,28567,13,true,true,,1,2080.4396421909332,101.3240430355072,10.093415975570679,39,converged,false,0,true
73,passengers_16_n20_p16_s3_ms10_seed44,passengers,16,serial,cg_exact,20,16,3,44,10,1,300.0,3600.0,21600.0,2000000,exhausted,OPTIMAL,31315.148144230654,1402.148278951645,16596,14,true,true,,1,1388.2412538528442,101.4366500377655,2.1976828575134277,42,converged,false,0,true
74,passengers_16_n20_p16_s3_ms10_seed45,passengers,16,serial,cg_exact,20,16,3,45,10,1,300.0,3600.0,21600.0,2000000,exhausted,OPTIMAL,35249.91507991041,2621.72230386734,28251,18,true,true,,1,2602.1168122291565,191.07752585411072,3.977720022201538,54,converged,false,0,true
75,passengers_16_n20_p16_s3_ms10_seed46,passengers,16,serial,cg_exact,20,16,3,46,10,1,300.0,3600.0,21600.0,2000000,exhausted,OPTIMAL,30683.73361782149,2284.3533730506897,14206,16,true,true,,1,2268.1127321720123,101.03375291824341,6.450778007507324,48,converged,false,0,true
76,passengers_16_n20_p16_s3_ms10_seed47,passengers,16,serial,cg_exact,20,16,3,47,10,1,300.0,3600.0,21600.0,2000000,exhausted,OPTIMAL,30956.174769570935,1690.429032087326,16116,22,true,true,,1,1673.3939430713654,73.57530212402344,7.8718421459198,66,converged,false,0,true
77,passengers_16_n20_p16_s3_ms10_seed48,passengers,16,serial,cg_exact,20,16,3,48,10,1,300.0,3600.0,21600.0,2000000,exhausted,OPTIMAL,29400.637714141347,1540.1420650482178,22762,26,true,true,,1,1520.5934281349182,98.52990317344666,2.788102865219116,78,converged,false,0,true
78,passengers_16_n20_p16_s3_ms10_seed49,passengers,16,serial,cg_exact,20,16,3,49,10,1,300.0,3600.0,21600.0,2000000,exhausted,OPTIMAL,29484.953700955495,809.6687710285187,9503,23,true,true,,1,797.9398341178894,32.53787302970886,2.137517213821411,69,converged,false,0,true
79,passengers_16_n20_p16_s3_ms10_seed50,passengers,16,serial,cg_exact,20,16,3,50,10,1,300.0,3600.0,21600.0,2000000,exhausted,OPTIMAL,35566.36579575094,1146.7058889865875,13687,8,true,true,,1,1134.803946018219,152.497563123703,5.377968072891235,24,converged,false,0,true
80,passengers_16_n20_p16_s3_ms10_seed51,passengers,16,serial,cg_exact,20,16,3,51,10,1,300.0,3600.0,21600.0,2000000,exhausted,OPTIMAL,27547.637609637524,714.6146700382233,8350,23,true,true,,1,703.8273239135742,86.04413795471191,1.2059240341186523,69,converged,false,0,true
81,passengers_24_n20_p24_s3_ms10_seed42,passengers,24,serial,cg_exact,20,24,3,42,10,1,300.0,3600.0,21600.0,2000000,exhausted,OPTIMAL,39240.942642912545,8507.077675819397,91906,43,true,true,,1,8448.868235349655,515.231997013092,8.970509052276611,144,converged,false,5,true
82,passengers_24_n20_p24_s3_ms10_seed43,passengers,24,serial,cg_exact,20,24,3,43,10,1,300.0,3600.0,21600.0,2000000,budget_exhausted,OPTIMAL,36977.55576212297,21625.82210803032,64139,50,false,false,,1,21552.00169110298,1706.066594839096,43.201642990112305,162,total_budget,true,4,
83,passengers_24_n20_p24_s3_ms10_seed44,passengers,24,serial,cg_exact,20,24,3,44,10,1,300.0,3600.0,21600.0,2000000,exhausted,OPTIMAL,35858.13739778916,16634.719398975372,70924,48,true,true,,1,16560.33998274803,305.32764887809753,45.938992977142334,156,converged,false,4,true
84,passengers_24_n20_p24_s3_ms10_seed45,passengers,24,serial,cg_exact,20,24,3,45,10,1,300.0,3600.0,21600.0,2000000,exhausted,OPTIMAL,41350.80735045997,12945.539079904556,75184,60,true,true,,1,12878.829410552979,169.1057198047638,27.669559001922607,192,converged,false,4,true
85,passengers_24_n20_p24_s3_ms10_seed46,passengers,24,serial,cg_exact,20,24,3,46,10,1,300.0,3600.0,21600.0,2000000,exhausted,OPTIMAL,42238.34811377315,5894.2269859313965,76018,25,true,true,,1,5847.1640684604645,137.8941080570221,24.42460799217224,75,converged,false,0,true
86,passengers_24_n20_p24_s3_ms10_seed47,passengers,24,serial,cg_exact,20,24,3,47,10,1,300.0,3600.0,21600.0,2000000,exhausted,OPTIMAL,37319.81100073149,5954.148406982422,101194,24,true,true,,1,5867.315888881683,181.76272892951965,20.979265928268433,75,converged,false,1,true
87,passengers_24_n20_p24_s3_ms10_seed48,passengers,24,serial,cg_exact,20,24,3,48,10,1,300.0,3600.0,21600.0,2000000,exhausted,OPTIMAL,38798.85322201108,12276.720751047134,90012,42,true,true,,1,12191.495294809341,242.78422594070435,32.22254991531372,147,converged,false,7,true
88,passengers_24_n20_p24_s3_ms10_seed49,passengers,24,serial,cg_exact,20,24,3,49,10,1,300.0,3600.0,21600.0,2000000,exhausted,OPTIMAL,31914.43574720082,8446.602134943008,64354,43,true,true,,1,8377.760295629501,144.45480298995972,17.664741039276123,129,converged,false,0,true
89,passengers_24_n20_p24_s3_ms10_seed50,passengers,24,serial,cg_exact,20,24,3,50,10,1,300.0,3600.0,21600.0,2000000,budget_exhausted,OPTIMAL,40950.53424900778,21629.53718304634,50673,45,false,false,,1,21565.254958868027,535.7050130367279,8.794466018676758,162,total_budget,true,9,
90,passengers_24_n20_p24_s3_ms10_seed51,passengers,24,serial,cg_exact,20,24,3,51,10,1,300.0,3600.0,21600.0,2000000,incomplete,OPTIMAL,36045.94656714283,21425.303196191788,42610,59,false,false,,1,21362.64049243927,697.0582478046417,13.939465045928955,219,pricing_inconclusive,false,14,
91,passengers_32_n20_p32_s3_ms10_seed42,passengers,32,serial,cg_exact,20,32,3,42,10,1,300.0,3600.0,21600.0,2000000,budget_exhausted,OPTIMAL,44393.75301121747,21645.30553507805,79239,67,false,false,,1,21512.995000600815,1090.8419411182404,5.242814064025879,204,total_budget,true,1,
92,passengers_32_n20_p32_s3_ms10_seed43,passengers,32,serial,cg_exact,20,32,3,43,10,1,300.0,3600.0,21600.0,2000000,exhausted,OPTIMAL,39626.94513208895,20379.92660999298,189772,43,true,true,,1,20060.475957632065,623.657879114151,79.81422019004822,150,converged,false,7,
93,passengers_32_n20_p32_s3_ms10_seed44,passengers,32,serial,cg_exact,20,32,3,44,10,1,300.0,3600.0,21600.0,2000000,incomplete,OPTIMAL,41351.494597263605,21742.234568834305,191284,49,false,false,,1,21366.702578306198,565.8352470397949,98.8292407989502,165,pricing_inconclusive,false,6,
94,passengers_32_n20_p32_s3_ms10_seed45,passengers,32,serial,cg_exact,20,32,3,45,10,1,300.0,3600.0,21600.0,2000000,budget_exhausted,OPTIMAL,44701.02219907816,21663.411799907684,96193,56,false,false,,1,21517.05295109749,823.9810969829559,22.95715308189392,180,total_budget,true,4,
95,passengers_32_n20_p32_s3_ms10_seed46,passengers,32,serial,cg_exact,20,32,3,46,10,1,300.0,3600.0,21600.0,2000000,incomplete,OPTIMAL,47468.1886534208,21608.70203781128,119807,64,false,false,,1,21477.460882902145,224.35721492767334,45.856858015060425,207,pricing_inconclusive,false,5,
96,passengers_32_n20_p32_s3_ms10_seed47,passengers,32,serial,cg_exact,20,32,3,47,10,1,300.0,3600.0,21600.0,2000000,exhausted,OPTIMAL,43456.28763071785,11313.902527093887,172971,37,true,true,,1,11140.517839670181,144.88355994224548,55.11490797996521,114,converged,false,1,
97,passengers_32_n20_p32_s3_ms10_seed48,passengers,32,serial,cg_exact,20,32,3,48,10,1,300.0,3600.0,21600.0,2000000,budget_exhausted,OPTIMAL,45922.5423083553,21629.707006931305,93118,69,false,false,,1,21542.69902586937,527.1150720119476,14.887518882751465,210,total_budget,true,1,
98,passengers_32_n20_p32_s3_ms10_seed49,passengers,32,serial,cg_exact,20,32,3,49,10,1,300.0,3600.0,21600.0,2000000,exhausted,OPTIMAL,36630.86346384581,13034.93454003334,133852,56,true,true,,1,12913.695535421371,138.3476300239563,30.914910078048706,168,converged,false,0,
99,passengers_32_n20_p32_s3_ms10_seed50,passengers,32,serial,cg_exact,20,32,3,50,10,1,300.0,3600.0,21600.0,2000000,budget_exhausted,OPTIMAL,42408.93483971814,21639.998382091522,121809,61,false,false,,1,21533.477645874023,617.0164279937744,17.0433509349823,192,total_budget,true,3,
100,passengers_32_n20_p32_s3_ms10_seed51,passengers,32,serial,cg_exact,20,32,3,51,10,1,300.0,3600.0,21600.0,2000000,incomplete,OPTIMAL,43670.209047809636,21502.757728099823,162479,72,false,false,,1,21284.52646970749,435.5783369541168,46.591859102249146,231,pricing_inconclusive,false,5,
101,passengers_8_n20_p8_s3_ms10_seed42,passengers,8,parallel,cg_exact,20,8,3,42,10,3,300.0,3600.0,21600.0,2000000,exhausted,OPTIMAL,27827.163043361586,109.5200309753418,985,9,true,true,,3,127.08935952186584,16.670518159866333,1.1391940116882324,27,converged,false,0,true
102,passengers_8_n20_p8_s3_ms10_seed43,passengers,8,parallel,cg_exact,20,8,3,43,10,3,300.0,3600.0,21600.0,2000000,exhausted,OPTIMAL,25239.045364839178,17.402878046035767,414,5,true,true,,3,22.372692584991455,2.2356629371643066,0.8284411430358887,15,converged,false,0,true
103,passengers_8_n20_p8_s3_ms10_seed44,passengers,8,parallel,cg_exact,20,8,3,44,10,3,300.0,3600.0,21600.0,2000000,exhausted,OPTIMAL,26239.03805460804,33.39254117012024,2027,5,true,true,,3,41.83497071266174,8.537689924240112,0.5620460510253906,15,converged,false,0,true
104,passengers_8_n20_p8_s3_ms10_seed45,passengers,8,parallel,cg_exact,20,8,3,45,10,3,300.0,3600.0,21600.0,2000000,exhausted,OPTIMAL,22477.695932621238,20.6636700630188,386,5,true,true,,3,19.903943300247192,3.8933169841766357,0.01870894432067871,15,converged,false,0,true
105,passengers_8_n20_p8_s3_ms10_seed46,passengers,8,parallel,cg_exact,20,8,3,46,10,3,300.0,3600.0,21600.0,2000000,exhausted,OPTIMAL,21319.838930785412,23.109208822250366,434,10,true,true,,3,21.56347393989563,1.837151050567627,0.03106403350830078,30,converged,false,0,true
106,passengers_8_n20_p8_s3_ms10_seed47,passengers,8,parallel,cg_exact,20,8,3,47,10,3,300.0,3600.0,21600.0,2000000,exhausted,OPTIMAL,26192.836807648142,68.97327899932861,563,9,true,true,,3,85.29591846466064,10.570029020309448,0.9877328872680664,27,converged,false,0,true
107,passengers_8_n20_p8_s3_ms10_seed48,passengers,8,parallel,cg_exact,20,8,3,48,10,3,300.0,3600.0,21600.0,2000000,exhausted,OPTIMAL,25941.37017274795,37.27440690994263,1534,6,true,true,,3,48.312596797943115,8.856598854064941,0.6474859714508057,18,converged,false,0,true
108,passengers_8_n20_p8_s3_ms10_seed49,passengers,8,parallel,cg_exact,20,8,3,49,10,3,300.0,3600.0,21600.0,2000000,exhausted,OPTIMAL,26197.98397147778,36.73154878616333,758,9,true,true,,3,57.849372148513794,4.714997053146362,0.9637489318847656,27,converged,false,0,true
109,passengers_8_n20_p8_s3_ms10_seed50,passengers,8,parallel,cg_exact,20,8,3,50,10,3,300.0,3600.0,21600.0,2000000,exhausted,OPTIMAL,27880.947211526374,224.3490560054779,515,9,true,true,,3,243.88735961914062,28.354997873306274,1.3343210220336914,27,converged,false,0,true
110,passengers_8_n20_p8_s3_ms10_seed51,passengers,8,parallel,cg_exact,20,8,3,51,10,3,300.0,3600.0,21600.0,2000000,exhausted,OPTIMAL,26195.983800566795,37.25955295562744,646,8,true,true,,3,53.71869921684265,8.417213916778564,0.6016719341278076,24,converged,false,0,true
111,passengers_16_n20_p16_s3_ms10_seed42,passengers,16,parallel,cg_exact,20,16,3,42,10,3,300.0,3600.0,21600.0,2000000,exhausted,OPTIMAL,34022.65141937083,2131.3518919944763,18317,15,true,true,,3,2581.865079641342,266.75581312179565,5.3842549324035645,45,converged,false,0,true
112,passengers_16_n20_p16_s3_ms10_seed43,passengers,16,parallel,cg_exact,20,16,3,43,10,3,300.0,3600.0,21600.0,2000000,exhausted,OPTIMAL,32008.92156991032,955.9104001522064,36318,25,true,true,,3,2047.870037317276,143.32684087753296,6.875624895095825,75,converged,false,0,true
113,passengers_16_n20_p16_s3_ms10_seed44,passengers,16,parallel,cg_exact,20,16,3,44,10,3,300.0,3600.0,21600.0,2000000,exhausted,OPTIMAL,31315.148144230654,578.5227699279785,17647,14,true,true,,3,1051.394274711609,98.66791200637817,2.7359888553619385,42,converged,false,0,true
114,passengers_16_n20_p16_s3_ms10_seed45,passengers,16,parallel,cg_exact,20,16,3,45,10,3,300.0,3600.0,21600.0,2000000,exhausted,OPTIMAL,35249.91507991041,1059.8625581264496,29696,18,true,true,,3,1558.1739225387573,113.01380109786987,5.804415941238403,54,converged,false,0,true
115,passengers_16_n20_p16_s3_ms10_seed46,passengers,16,parallel,cg_exact,20,16,3,46,10,3,300.0,3600.0,21600.0,2000000,exhausted,OPTIMAL,30683.733617821486,1198.0224690437317,27341,17,true,true,,3,1735.8351564407349,156.6035659313202,7.204893112182617,51,converged,false,0,true
116,passengers_16_n20_p16_s3_ms10_seed47,passengers,16,parallel,cg_exact,20,16,3,47,10,3,300.0,3600.0,21600.0,2000000,exhausted,OPTIMAL,30956.174769570935,541.1349761486053,16116,22,true,true,,3,1141.3490693569183,42.15851593017578,7.302599906921387,66,converged,false,0,true
117,passengers_16_n20_p16_s3_ms10_seed48,passengers,16,parallel,cg_exact,20,16,3,48,10,3,300.0,3600.0,21600.0,2000000,exhausted,OPTIMAL,29400.637714141347,583.8411598205566,22762,26,true,true,,3,993.29598736763,65.65591621398926,3.430830955505371,78,converged,false,0,true
118,passengers_16_n20_p16_s3_ms10_seed49,passengers,16,parallel,cg_exact,20,16,3,49,10,3,300.0,3600.0,21600.0,2000000,exhausted,OPTIMAL,29484.953700955495,458.6011109352112,9503,23,true,true,,3,884.2449467182159,30.111746072769165,3.690377950668335,69,converged,false,0,true
119,passengers_16_n20_p16_s3_ms10_seed50,passengers,16,parallel,cg_exact,20,16,3,50,10,3,300.0,3600.0,21600.0,2000000,exhausted,OPTIMAL,35566.36579575094,530.501825094223,13687,8,true,true,,3,945.2137198448181,113.12575793266296,8.180768013000488,24,converged,false,0,true
120,passengers_16_n20_p16_s3_ms10_seed51,passengers,16,parallel,cg_exact,20,16,3,51,10,3,300.0,3600.0,21600.0,2000000,exhausted,OPTIMAL,27547.637609637524,410.6775550842285,8350,23,true,true,,3,666.1953358650208,60.156665086746216,1.8627760410308838,69,converged,false,0,true
121,passengers_24_n20_p24_s3_ms10_seed42,passengers,24,parallel,cg_exact,20,24,3,42,10,3,300.0,3600.0,21600.0,2000000,exhausted,OPTIMAL,39240.942642912545,6536.381231069565,119979,32,true,true,,3,7949.68389749527,300.62882113456726,10.467639207839966,96,converged,false,0,true
122,passengers_24_n20_p24_s3_ms10_seed43,passengers,24,parallel,cg_exact,20,24,3,43,10,3,300.0,3600.0,21600.0,2000000,exhausted,OPTIMAL,36688.00750949708,12098.599600076675,135657,55,true,true,,3,16937.071124315262,300.0064468383789,20.044080018997192,165,converged,false,0,
123,passengers_24_n20_p24_s3_ms10_seed44,passengers,24,parallel,cg_exact,20,24,3,44,10,3,300.0,3600.0,21600.0,2000000,exhausted,OPTIMAL,35858.13739778916,3305.269769191742,133178,21,true,true,,3,6127.483244419098,300.0038809776306,19.475531101226807,63,converged,false,0,true
124,passengers_24_n20_p24_s3_ms10_seed45,passengers,24,parallel,cg_exact,20,24,3,45,10,3,300.0,3600.0,21600.0,2000000,exhausted,OPTIMAL,41350.80735045997,3814.3898401260376,119167,18,true,true,,3,6533.131170511246,300.56191301345825,16.549073934555054,54,converged,false,0,true
125,passengers_24_n20_p24_s3_ms10_seed46,passengers,24,parallel,cg_exact,20,24,3,46,10,3,300.0,3600.0,21600.0,2000000,exhausted,OPTIMAL,42238.34811377315,3263.2548909187317,110110,20,true,true,,3,6547.23689365387,300.0030360221863,19.165640115737915,60,converged,false,0,true
126,passengers_24_n20_p24_s3_ms10_seed47,passengers,24,parallel,cg_exact,20,24,3,47,10,3,300.0,3600.0,21600.0,2000000,exhausted,OPTIMAL,37319.81100073149,5053.1107478141785,149237,30,true,true,,3,7925.70331120491,300.0090789794922,10.313870906829834,90,converged,false,0,true
127,passengers_24_n20_p24_s3_ms10_seed48,passengers,24,parallel,cg_exact,20,24,3,48,10,3,300.0,3600.0,21600.0,2000000,exhausted,OPTIMAL,38798.85322201108,4330.5375781059265,141245,35,true,true,,3,8277.29549908638,301.0306329727173,14.963097095489502,105,converged,false,0,true
128,passengers_24_n20_p24_s3_ms10_seed49,passengers,24,parallel,cg_exact,20,24,3,49,10,3,300.0,3600.0,21600.0,2000000,exhausted,OPTIMAL,31914.43574720082,7421.304556131363,72472,49,true,true,,3,16111.465483665466,300.6770589351654,32.89525508880615,147,converged,false,0,true
129,passengers_24_n20_p24_s3_ms10_seed50,passengers,24,parallel,cg_exact,20,24,3,50,10,3,300.0,3600.0,21600.0,2000000,budget_exhausted,OPTIMAL,40950.53424900778,21627.433661937714,86486,69,false,false,,3,48912.954384326935,470.4164741039276,46.900853872299194,213,total_budget,true,2,
130,passengers_24_n20_p24_s3_ms10_seed51,passengers,24,parallel,cg_exact,20,24,3,51,10,3,300.0,3600.0,21600.0,2000000,incomplete,OPTIMAL,36048.68613029839,21330.6865401268,56274,48,false,false,,3,30410.4001019001,719.1227130889893,17.406436920166016,180,pricing_inconclusive,false,12,
131,passengers_32_n20_p32_s3_ms10_seed42,passengers,32,parallel,cg_exact,20,32,3,42,10,3,300.0,3600.0,21600.0,2000000,budget_exhausted,OPTIMAL,43947.133668954324,21650.314426898956,151139,62,false,false,,3,51510.58324480057,905.5869150161743,78.17273592948914,198,total_budget,true,4,
132,passengers_32_n20_p32_s3_ms10_seed43,passengers,32,parallel,cg_exact,20,32,3,43,10,3,300.0,3600.0,21600.0,2000000,budget_exhausted,OPTIMAL,39633.54782806804,21705.63063287735,255312,72,false,false,,3,51179.28581094742,300.67584013938904,36.90711307525635,216,total_budget,true,0,
133,passengers_32_n20_p32_s3_ms10_seed44,passengers,32,parallel,cg_exact,20,32,3,44,10,3,300.0,3600.0,21600.0,2000000,exhausted,OPTIMAL,41351.494597263605,12962.947271108627,235194,37,true,true,,3,36500.51073694229,434.9533507823944,237.1729609966278,123,converged,false,4,
134,passengers_32_n20_p32_s3_ms10_seed45,passengers,32,parallel,cg_exact,20,32,3,45,10,3,300.0,3600.0,21600.0,2000000,budget_exhausted,OPTIMAL,44707.881592851205,21653.08641886711,138181,72,false,false,,3,60077.02578520775,300.6952221393585,163.88248801231384,216,total_budget,true,0,
135,passengers_32_n20_p32_s3_ms10_seed46,passengers,32,parallel,cg_exact,20,32,3,46,10,3,300.0,3600.0,21600.0,2000000,budget_exhausted,OPTIMAL,47459.87067288009,21655.816498041153,136957,63,false,false,,3,47433.56736207008,489.7287299633026,69.42630290985107,207,total_budget,true,6,
136,passengers_32_n20_p32_s3_ms10_seed47,passengers,32,parallel,cg_exact,20,32,3,47,10,3,300.0,3600.0,21600.0,2000000,budget_exhausted,OPTIMAL,43456.28763071785,21672.367038965225,203100,65,false,false,,3,51040.99441051483,618.1827201843262,91.28118801116943,207,total_budget,true,4,
137,passengers_32_n20_p32_s3_ms10_seed48,passengers,32,parallel,cg_exact,20,32,3,48,10,3,300.0,3600.0,21600.0,2000000,budget_exhausted,OPTIMAL,44448.31448805183,21657.311108112335,157419,69,false,false,,3,59159.89346408844,885.505774974823,196.0741159915924,210,total_budget,true,1,
138,passengers_32_n20_p32_s3_ms10_seed49,passengers,32,parallel,cg_exact,20,32,3,49,10,3,300.0,3600.0,21600.0,2000000,budget_exhausted,OPTIMAL,36955.80054748697,21660.825500011444,157213,76,false,false,,3,46880.06021428108,300.65704798698425,66.63162302970886,228,total_budget,true,0,
139,passengers_32_n20_p32_s3_ms10_seed50,passengers,32,parallel,cg_exact,20,32,3,50,10,3,300.0,3600.0,21600.0,2000000,budget_exhausted,OPTIMAL,42408.93483971814,21677.36113882065,172300,72,false,false,,3,53553.27890729904,300.5900149345398,99.10626196861267,216,total_budget,true,0,
140,passengers_32_n20_p32_s3_ms10_seed51,passengers,32,parallel,cg_exact,20,32,3,51,10,3,300.0,3600.0,21600.0,2000000,budget_exhausted,OPTIMAL,43872.33093980208,21744.59820008278,177848,62,false,false,,3,58014.47516798973,1628.128497838974,109.89349508285522,192,total_budget,true,2,
141,scenarios_3_n20_p16_s3_ms10_seed42,scenarios,3,serial,cg_exact,20,16,3,42,10,1,300.0,3600.0,21600.0,2000000,exhausted,OPTIMAL,34022.65141937083,3566.102506875992,13762,21,true,true,,1,3547.2713871002197,348.6391990184784,4.896939039230347,72,converged,false,3,true
142,scenarios_3_n20_p16_s3_ms10_seed43,scenarios,3,serial,cg_exact,20,16,3,43,10,1,300.0,3600.0,21600.0,2000000,exhausted,OPTIMAL,32008.921569910315,1559.3048729896545,34775,13,true,true,,1,1539.5358607769012,101.15713310241699,7.5069780349731445,39,converged,false,0,true
143,scenarios_3_n20_p16_s3_ms10_seed44,scenarios,3,serial,cg_exact,20,16,3,44,10,1,300.0,3600.0,21600.0,2000000,exhausted,OPTIMAL,31315.148144230654,1163.2867150306702,17070,14,true,true,,1,1148.6569209098816,100.00121998786926,2.583836078643799,42,converged,false,0,true
144,scenarios_3_n20_p16_s3_ms10_seed45,scenarios,3,serial,cg_exact,20,16,3,45,10,1,300.0,3600.0,21600.0,2000000,exhausted,OPTIMAL,35249.91507991041,1687.7906758785248,29696,18,true,true,,1,1669.5849132537842,129.16108918190002,4.908467054367065,54,converged,false,0,true
145,scenarios_3_n20_p16_s3_ms10_seed46,scenarios,3,serial,cg_exact,20,16,3,46,10,1,300.0,3600.0,21600.0,2000000,exhausted,OPTIMAL,30683.73361782149,1914.5847251415253,20148,20,true,true,,1,1898.4877679347992,101.27648401260376,6.454965114593506,60,converged,false,0,true
146,scenarios_3_n20_p16_s3_ms10_seed47,scenarios,3,serial,cg_exact,20,16,3,47,10,1,300.0,3600.0,21600.0,2000000,exhausted,OPTIMAL,30956.174769570935,1169.6211848258972,16116,22,true,true,,1,1154.7215149402618,49.70320200920105,6.847461938858032,66,converged,false,0,true
147,scenarios_3_n20_p16_s3_ms10_seed48,scenarios,3,serial,cg_exact,20,16,3,48,10,1,300.0,3600.0,21600.0,2000000,exhausted,OPTIMAL,29400.637714141347,1062.667708158493,22762,26,true,true,,1,1044.9555220603943,69.59553384780884,3.038388967514038,78,converged,false,0,true
148,scenarios_3_n20_p16_s3_ms10_seed49,scenarios,3,serial,cg_exact,20,16,3,49,10,1,300.0,3600.0,21600.0,2000000,exhausted,OPTIMAL,29484.953700955495,873.7803449630737,9503,23,true,true,,1,860.330198764801,28.972634077072144,3.011510133743286,69,converged,false,0,true
149,scenarios_3_n20_p16_s3_ms10_seed50,scenarios,3,serial,cg_exact,20,16,3,50,10,1,300.0,3600.0,21600.0,2000000,exhausted,OPTIMAL,35566.36579575094,1122.3302128314972,13687,8,true,true,,1,1107.298171043396,128.3275339603424,7.809478998184204,24,converged,false,0,true
150,scenarios_3_n20_p16_s3_ms10_seed51,scenarios,3,serial,cg_exact,20,16,3,51,10,1,300.0,3600.0,21600.0,2000000,exhausted,OPTIMAL,27547.637609637524,709.4783580303192,8350,23,true,true,,1,695.9230728149414,75.92562794685364,1.3285958766937256,69,converged,false,0,true
151,scenarios_6_n20_p16_s6_ms10_seed42,scenarios,6,serial,cg_exact,20,16,6,42,10,1,300.0,3600.0,21600.0,2000000,exhausted,OPTIMAL,68896.33186274703,5392.288573026657,40121,32,true,true,,1,5366.591994762421,181.59437108039856,5.29741907119751,204,converged,false,2,true
152,scenarios_6_n20_p16_s6_ms10_seed43,scenarios,6,serial,cg_exact,20,16,6,43,10,1,300.0,3600.0,21600.0,2000000,exhausted,OPTIMAL,67073.72135058488,4377.070542097092,25728,17,true,true,,1,4358.533936500549,180.3393850326538,6.508379936218262,102,converged,false,0,true
153,scenarios_6_n20_p16_s6_ms10_seed44,scenarios,6,serial,cg_exact,20,16,6,44,10,1,300.0,3600.0,21600.0,2000000,exhausted,OPTIMAL,63559.13334039177,2168.0611979961395,20849,15,true,true,,1,2151.7305257320404,65.08966612815857,2.5365610122680664,90,converged,false,0,true
154,scenarios_6_n20_p16_s6_ms10_seed45,scenarios,6,serial,cg_exact,20,16,6,45,10,1,300.0,3600.0,21600.0,2000000,exhausted,OPTIMAL,75430.30926203582,3009.605143070221,35955,12,true,true,,1,2988.4148104190826,86.95069813728333,8.159598112106323,72,converged,false,0,true
155,scenarios_6_n20_p16_s6_ms10_seed46,scenarios,6,serial,cg_exact,20,16,6,46,10,1,300.0,3600.0,21600.0,2000000,exhausted,OPTIMAL,65282.35820023964,4891.402359008789,37135,22,true,true,,1,4868.64784860611,97.34579682350159,5.781880140304565,132,converged,false,0,true
156,scenarios_6_n20_p16_s6_ms10_seed47,scenarios,6,serial,cg_exact,20,16,6,47,10,1,300.0,3600.0,21600.0,2000000,exhausted,OPTIMAL,69548.87571794986,6945.558423042297,37468,28,true,true,,1,6923.910417795181,114.29794716835022,5.7553181648254395,168,converged,false,0,true
157,scenarios_6_n20_p16_s6_ms10_seed48,scenarios,6,serial,cg_exact,20,16,6,48,10,1,300.0,3600.0,21600.0,2000000,exhausted,OPTIMAL,64334.350025337495,1513.159462928772,21949,21,true,true,,1,1495.7448241710663,53.60937714576721,3.1511008739471436,126,converged,false,0,true
158,scenarios_6_n20_p16_s6_ms10_seed49,scenarios,6,serial,cg_exact,20,16,6,49,10,1,300.0,3600.0,21600.0,2000000,exhausted,OPTIMAL,63724.723865111766,2951.1728010177612,13907,21,true,true,,1,2935.7018756866455,87.81235909461975,3.713732957839966,126,converged,false,0,true
159,scenarios_6_n20_p16_s6_ms10_seed50,scenarios,6,serial,cg_exact,20,16,6,50,10,1,300.0,3600.0,21600.0,2000000,exhausted,OPTIMAL,72393.76956318271,2793.274824142456,24109,15,true,true,,1,2775.316216945648,78.38996696472168,6.220685958862305,90,converged,false,0,true
160,scenarios_6_n20_p16_s6_ms10_seed51,scenarios,6,serial,cg_exact,20,16,6,51,10,1,300.0,3600.0,21600.0,2000000,exhausted,OPTIMAL,65494.22108154844,7083.750144958496,29466,42,true,true,,1,7061.513439655304,95.4411370754242,1.894608974456787,252,converged,false,0,true
161,scenarios_9_n20_p16_s9_ms10_seed42,scenarios,9,serial,cg_exact,20,16,9,42,10,1,300.0,3600.0,21600.0,2000000,exhausted,OPTIMAL,104729.90240893334,10790.841467142105,40991,50,true,true,,1,10759.80451965332,108.97782897949219,3.3270809650421143,513,converged,false,7,true
162,scenarios_9_n20_p16_s9_ms10_seed43,scenarios,9,serial,cg_exact,20,16,9,43,10,1,300.0,3600.0,21600.0,2000000,exhausted,OPTIMAL,101730.51498359034,6587.789074897766,36926,27,true,true,,1,6563.562119722366,157.37799787521362,3.371375799179077,279,converged,false,4,true
163,scenarios_9_n20_p16_s9_ms10_seed44,scenarios,9,serial,cg_exact,20,16,9,44,10,1,300.0,3600.0,21600.0,2000000,exhausted,OPTIMAL,100686.75678784594,5039.193888902664,31206,19,true,true,,1,5017.19855928421,100.96244883537292,2.365186929702759,180,converged,false,1,true
164,scenarios_9_n20_p16_s9_ms10_seed45,scenarios,9,serial,cg_exact,20,16,9,45,10,1,300.0,3600.0,21600.0,2000000,incomplete,OPTIMAL,107367.95024431287,21354.331856012344,40267,61,false,false,,1,21315.275458574295,100.98173093795776,9.17542290687561,675,pricing_inconclusive,false,14,
165,scenarios_9_n20_p16_s9_ms10_seed46,scenarios,9,serial,cg_exact,20,16,9,46,10,1,300.0,3600.0,21600.0,2000000,exhausted,OPTIMAL,96291.69107799792,10843.594568014145,34866,36,true,true,,1,10813.93148636818,122.31830406188965,4.638878107070923,432,converged,false,12,true
166,scenarios_9_n20_p16_s9_ms10_seed47,scenarios,9,serial,cg_exact,20,16,9,47,10,1,300.0,3600.0,21600.0,2000000,budget_exhausted,OPTIMAL,107715.70649100453,21615.327564954758,44170,55,false,false,,1,21572.18359875679,150.72107601165771,5.73447585105896,621,total_budget,true,14,
167,scenarios_9_n20_p16_s9_ms10_seed48,scenarios,9,serial,cg_exact,20,16,9,48,10,1,300.0,3600.0,21600.0,2000000,exhausted,OPTIMAL,97780.68763143185,3730.562987804413,36212,23,true,true,,1,3705.5934958457947,86.50951814651489,3.231873035430908,207,converged,false,0,true
168,scenarios_9_n20_p16_s9_ms10_seed49,scenarios,9,serial,cg_exact,20,16,9,49,10,1,300.0,3600.0,21600.0,2000000,exhausted,OPTIMAL,100579.0798550325,12338.715706825256,23419,32,true,true,,1,12314.484438419342,340.33255410194397,3.4281411170959473,369,converged,false,9,true
169,scenarios_9_n20_p16_s9_ms10_seed50,scenarios,9,serial,cg_exact,20,16,9,50,10,1,300.0,3600.0,21600.0,2000000,exhausted,OPTIMAL,109276.20284582124,5215.009490013123,26204,14,true,true,,1,5194.303736209869,114.4968421459198,8.908134937286377,153,converged,false,3,true
170,scenarios_9_n20_p16_s9_ms10_seed51,scenarios,9,serial,cg_exact,20,16,9,51,10,1,300.0,3600.0,21600.0,2000000,exhausted,OPTIMAL,98738.88221648891,19002.74137187004,37747,53,true,true,,1,18965.022158145905,213.78176307678223,1.3743810653686523,594,converged,false,13,true
171,scenarios_12_n20_p16_s12_ms10_seed42,scenarios,12,serial,cg_exact,20,16,12,42,10,1,300.0,3600.0,21600.0,2000000,incomplete,OPTIMAL,137840.34673359926,21571.13462495804,48178,48,false,false,,1,21522.173812150955,250.76483607292175,3.9229679107666016,720,pricing_inconclusive,false,12,
172,scenarios_12_n20_p16_s12_ms10_seed43,scenarios,12,serial,cg_exact,20,16,12,43,10,1,300.0,3600.0,21600.0,2000000,exhausted,OPTIMAL,131978.3504869571,16328.53974199295,37153,40,true,true,,1,16294.44602894783,271.8859040737152,3.7215609550476074,648,converged,false,14,true
173,scenarios_12_n20_p16_s12_ms10_seed44,scenarios,12,serial,cg_exact,20,16,12,44,10,1,300.0,3600.0,21600.0,2000000,exhausted,OPTIMAL,134035.9203324737,13330.443597078323,44588,37,true,true,,1,13291.166079998016,244.64787006378174,1.9372949600219727,528,converged,false,7,true
174,scenarios_12_n20_p16_s12_ms10_seed45,scenarios,12,serial,cg_exact,20,16,12,45,10,1,300.0,3600.0,21600.0,2000000,exhausted,OPTIMAL,135773.72493900315,21147.678916931152,40764,68,true,true,,1,21100.928842782974,98.24185299873352,4.07890510559082,1020,converged,false,17,true
175,scenarios_12_n20_p16_s12_ms10_seed46,scenarios,12,serial,cg_exact,20,16,12,46,10,1,300.0,3600.0,21600.0,2000000,exhausted,OPTIMAL,124838.73443683342,14622.020830154419,36259,42,true,true,,1,14586.35790348053,142.34141397476196,4.014941930770874,744,converged,false,20,true
176,scenarios_12_n20_p16_s12_ms10_seed47,scenarios,12,serial,cg_exact,20,16,12,47,10,1,300.0,3600.0,21600.0,2000000,incomplete,OPTIMAL,139993.5748170069,21516.999633073807,54144,57,false,false,,1,21461.554084062576,168.82090210914612,4.833721160888672,828,pricing_inconclusive,false,12,
177,scenarios_12_n20_p16_s12_ms10_seed48,scenarios,12,serial,cg_exact,20,16,12,48,10,1,300.0,3600.0,21600.0,2000000,exhausted,OPTIMAL,130039.41294505638,7555.0601460933685,39012,38,true,true,,1,7521.369528770447,57.351181983947754,1.383293867111206,468,converged,false,1,true
178,scenarios_12_n20_p16_s12_ms10_seed49,scenarios,12,serial,cg_exact,20,16,12,49,10,1,300.0,3600.0,21600.0,2000000,exhausted,OPTIMAL,133436.4535000807,14132.710574865341,25319,35,true,true,,1,14106.359545230865,337.8238091468811,3.2265517711639404,528,converged,false,9,true
179,scenarios_12_n20_p16_s12_ms10_seed50,scenarios,12,serial,cg_exact,20,16,12,50,10,1,300.0,3600.0,21600.0,2000000,exhausted,OPTIMAL,143211.6766852116,12972.319701910019,27299,28,true,true,,1,12947.41159415245,209.4861011505127,7.1539812088012695,456,converged,false,10,true
180,scenarios_12_n20_p16_s12_ms10_seed51,scenarios,12,serial,cg_exact,20,16,12,51,10,1,300.0,3600.0,21600.0,2000000,incomplete,OPTIMAL,133982.59323941125,21574.655905008316,54422,48,false,false,,1,21521.430312871933,230.325590133667,1.293186902999878,684,pricing_inconclusive,false,9,
181,scenarios_3_n20_p16_s3_ms10_seed42,scenarios,3,parallel,cg_exact,20,16,3,42,10,3,300.0,3600.0,21600.0,2000000,exhausted,OPTIMAL,34022.65141937083,5537.709561109543,14925,16,true,true,,3,6435.473201036453,713.473256111145,7.337902069091797,51,converged,false,1,true
182,scenarios_3_n20_p16_s3_ms10_seed43,scenarios,3,parallel,cg_exact,20,16,3,43,10,3,300.0,3600.0,21600.0,2000000,exhausted,OPTIMAL,32008.92156991032,2210.970463991165,36318,25,true,true,,3,4763.829747915268,289.6472980976105,9.296859979629517,75,converged,false,0,true
183,scenarios_3_n20_p16_s3_ms10_seed44,scenarios,3,parallel,cg_exact,20,16,3,44,10,3,300.0,3600.0,21600.0,2000000,exhausted,OPTIMAL,31315.148144230654,1280.2035918235779,17647,14,true,true,,3,2290.547941684723,220.85636806488037,4.0566558837890625,42,converged,false,0,true
184,scenarios_3_n20_p16_s3_ms10_seed45,scenarios,3,parallel,cg_exact,20,16,3,45,10,3,300.0,3600.0,21600.0,2000000,exhausted,OPTIMAL,35249.91507991041,2173.2740609645844,29696,18,true,true,,3,3110.43013715744,264.1899790763855,8.42807388305664,54,converged,false,0,true
185,scenarios_3_n20_p16_s3_ms10_seed46,scenarios,3,parallel,cg_exact,20,16,3,46,10,3,300.0,3600.0,21600.0,2000000,exhausted,OPTIMAL,30683.73361782149,1702.585041999817,24948,15,true,true,,3,2560.627899169922,300.7873260974884,10.89232587814331,45,converged,false,0,true
186,scenarios_3_n20_p16_s3_ms10_seed47,scenarios,3,parallel,cg_exact,20,16,3,47,10,3,300.0,3600.0,21600.0,2000000,exhausted,OPTIMAL,30956.174769570935,924.549479007721,16116,22,true,true,,3,1968.7025744915009,69.74735593795776,13.540560007095337,66,converged,false,0,true
187,scenarios_3_n20_p16_s3_ms10_seed48,scenarios,3,parallel,cg_exact,20,16,3,48,10,3,300.0,3600.0,21600.0,2000000,exhausted,OPTIMAL,29400.637714141347,1073.6200211048126,22762,26,true,true,,3,1790.0054023265839,136.7248570919037,4.48667311668396,78,converged,false,0,true
188,scenarios_3_n20_p16_s3_ms10_seed49,scenarios,3,parallel,cg_exact,20,16,3,49,10,3,300.0,3600.0,21600.0,2000000,exhausted,OPTIMAL,29484.953700955495,808.8588950634003,9503,23,true,true,,3,1572.6423876285553,55.00373196601868,4.840771913528442,69,converged,false,0,true
189,scenarios_3_n20_p16_s3_ms10_seed50,scenarios,3,parallel,cg_exact,20,16,3,50,10,3,300.0,3600.0,21600.0,2000000,exhausted,OPTIMAL,35566.36579575094,913.6088869571686,13687,8,true,true,,3,1711.0407421588898,211.88110184669495,10.624330997467041,24,converged,false,0,true
190,scenarios_3_n20_p16_s3_ms10_seed51,scenarios,3,parallel,cg_exact,20,16,3,51,10,3,300.0,3600.0,21600.0,2000000,exhausted,OPTIMAL,27547.637609637524,598.0842890739441,8350,23,true,true,,3,939.3756103515625,102.12237215042114,2.201807975769043,69,converged,false,0,true
191,scenarios_6_n20_p16_s6_ms10_seed42,scenarios,6,parallel,cg_exact,20,16,6,42,10,6,300.0,3600.0,21600.0,2000000,exhausted,OPTIMAL,68896.33186274703,3742.119961977005,42955,16,true,true,,6,6988.696538209915,300.62840008735657,8.677942991256714,96,converged,false,0,true
192,scenarios_6_n20_p16_s6_ms10_seed43,scenarios,6,parallel,cg_exact,20,16,6,43,10,6,300.0,3600.0,21600.0,2000000,exhausted,OPTIMAL,67073.72135058489,6224.032305955887,39877,17,true,true,,6,13406.255184650421,406.946081161499,15.784461975097656,120,converged,false,3,true
193,scenarios_6_n20_p16_s6_ms10_seed44,scenarios,6,parallel,cg_exact,20,16,6,44,10,6,300.0,3600.0,21600.0,2000000,exhausted,OPTIMAL,63559.13334039177,1521.8794360160828,23829,15,true,true,,6,4585.708610534668,189.62914514541626,5.717095136642456,90,converged,false,0,true
194,scenarios_6_n20_p16_s6_ms10_seed45,scenarios,6,parallel,cg_exact,20,16,6,45,10,6,300.0,3600.0,21600.0,2000000,exhausted,OPTIMAL,75430.30926203582,2425.842530965805,52328,18,true,true,,6,8100.32755947113,236.8346540927887,9.676491022109985,108,converged,false,0,true
195,scenarios_6_n20_p16_s6_ms10_seed46,scenarios,6,parallel,cg_exact,20,16,6,46,10,6,300.0,3600.0,21600.0,2000000,exhausted,OPTIMAL,65282.35820023964,2924.3734500408173,61743,24,true,true,,6,8706.841413974762,300.45510697364807,8.28997802734375,144,converged,false,0,true
196,scenarios_6_n20_p16_s6_ms10_seed47,scenarios,6,parallel,cg_exact,20,16,6,47,10,6,300.0,3600.0,21600.0,2000000,exhausted,OPTIMAL,69548.87571794988,2618.0784361362457,52402,26,true,true,,6,7726.367537975311,240.89331197738647,7.4289329051971436,156,converged,false,0,true
197,scenarios_6_n20_p16_s6_ms10_seed48,scenarios,6,parallel,cg_exact,20,16,6,48,10,6,300.0,3600.0,21600.0,2000000,exhausted,OPTIMAL,64334.3500253375,577.7719161510468,21847,34,true,true,,6,2043.0776851177216,49.04733896255493,3.2162718772888184,204,converged,false,0,true
198,scenarios_6_n20_p16_s6_ms10_seed49,scenarios,6,parallel,cg_exact,20,16,6,49,10,6,300.0,3600.0,21600.0,2000000,exhausted,OPTIMAL,63724.723865111766,1723.431272983551,13932,21,true,true,,6,3495.8534858226776,123.92908310890198,4.368648052215576,126,converged,false,0,true
199,scenarios_6_n20_p16_s6_ms10_seed50,scenarios,6,parallel,cg_exact,20,16,6,50,10,6,300.0,3600.0,21600.0,2000000,exhausted,OPTIMAL,72393.7695631827,1208.486232995987,29058,22,true,true,,6,4286.857168674469,123.84129095077515,8.588095903396606,132,converged,false,0,true
200,scenarios_6_n20_p16_s6_ms10_seed51,scenarios,6,parallel,cg_exact,20,16,6,51,10,6,300.0,3600.0,21600.0,2000000,exhausted,OPTIMAL,65494.22108154844,4308.382277965546,35151,20,true,true,,6,7901.981947898865,300.59588098526,2.441112995147705,120,converged,false,0,true
201,scenarios_9_n20_p16_s9_ms10_seed42,scenarios,9,parallel,cg_exact,20,16,9,42,10,9,300.0,3600.0,21600.0,2000000,exhausted,OPTIMAL,104729.90240893334,6662.754920005798,49584,25,true,true,,9,18754.12327694893,300.5437469482422,6.180231094360352,225,converged,false,0,true
202,scenarios_9_n20_p16_s9_ms10_seed43,scenarios,9,parallel,cg_exact,20,16,9,43,10,9,300.0,3600.0,21600.0,2000000,exhausted,OPTIMAL,101730.51498359034,2521.0246641635895,58938,17,true,true,,9,6736.923379421234,211.4729940891266,4.6550610065460205,153,converged,false,0,true
203,scenarios_9_n20_p16_s9_ms10_seed44,scenarios,9,parallel,cg_exact,20,16,9,44,10,9,300.0,3600.0,21600.0,2000000,exhausted,OPTIMAL,100686.75678784594,1584.4038529396057,40729,15,true,true,,9,4985.496936559677,212.86145401000977,3.388664960861206,135,converged,false,0,true
204,scenarios_9_n20_p16_s9_ms10_seed45,scenarios,9,parallel,cg_exact,20,16,9,45,10,9,300.0,3600.0,21600.0,2000000,exhausted,OPTIMAL,107186.0268411893,2284.572746992111,66010,17,true,true,,9,10913.006568908691,225.66444206237793,10.098419904708862,153,converged,false,0,
205,scenarios_9_n20_p16_s9_ms10_seed46,scenarios,9,parallel,cg_exact,20,16,9,46,10,9,300.0,3600.0,21600.0,2000000,exhausted,OPTIMAL,96291.69107799792,2048.6923229694366,77970,21,true,true,,9,6742.474535942078,230.94183802604675,5.7381391525268555,189,converged,false,0,true
206,scenarios_9_n20_p16_s9_ms10_seed47,scenarios,9,parallel,cg_exact,20,16,9,47,10,9,300.0,3600.0,21600.0,2000000,exhausted,OPTIMAL,107549.99330104417,2928.6577382087708,73478,29,true,true,,9,13420.7899081707,204.97123098373413,6.065105199813843,261,converged,false,0,
207,scenarios_9_n20_p16_s9_ms10_seed48,scenarios,9,parallel,cg_exact,20,16,9,48,10,9,300.0,3600.0,21600.0,2000000,exhausted,OPTIMAL,97780.68763143184,1327.1582989692688,40534,24,true,true,,9,5305.2370364665985,154.93801593780518,4.871219873428345,216,converged,false,0,true
208,scenarios_9_n20_p16_s9_ms10_seed49,scenarios,9,parallel,cg_exact,20,16,9,49,10,9,300.0,3600.0,21600.0,2000000,exhausted,OPTIMAL,100579.0798550325,4142.920413970947,28989,18,true,true,,9,8388.444818973541,257.4992399215698,3.2090039253234863,162,converged,false,0,true
209,scenarios_9_n20_p16_s9_ms10_seed50,scenarios,9,parallel,cg_exact,20,16,9,50,10,9,300.0,3600.0,21600.0,2000000,exhausted,OPTIMAL,109276.20284582124,2994.3953080177307,39406,19,true,true,,9,12400.92366361618,300.4848520755768,13.234477996826172,171,converged,false,0,true
210,scenarios_9_n20_p16_s9_ms10_seed51,scenarios,9,parallel,cg_exact,20,16,9,51,10,9,300.0,3600.0,21600.0,2000000,exhausted,OPTIMAL,98738.88221648891,6715.776278018951,60395,30,true,true,,9,20261.44761300087,300.4806160926819,2.614204168319702,270,converged,false,0,true
211,scenarios_12_n20_p16_s12_ms10_seed42,scenarios,12,parallel,cg_exact,20,16,12,42,10,12,300.0,3600.0,21600.0,2000000,exhausted,OPTIMAL,137703.98986169224,8330.358494997025,67556,28,true,true,,12,29470.38947868347,300.4921169281006,6.55349588394165,348,converged,false,1,
212,scenarios_12_n20_p16_s12_ms10_seed43,scenarios,12,parallel,cg_exact,20,16,12,43,10,12,300.0,3600.0,21600.0,2000000,exhausted,OPTIMAL,131978.3504869571,4316.973194122314,70064,20,true,true,,12,14432.607557058334,295.1345031261444,6.675140857696533,240,converged,false,0,true
213,scenarios_12_n20_p16_s12_ms10_seed44,scenarios,12,parallel,cg_exact,20,16,12,44,10,12,300.0,3600.0,21600.0,2000000,exhausted,OPTIMAL,134035.9203324737,5497.477142095566,63115,23,true,true,,12,19625.367720127106,300.00427317619324,4.229870080947876,276,converged,false,0,true
214,scenarios_12_n20_p16_s12_ms10_seed45,scenarios,12,parallel,cg_exact,20,16,12,45,10,12,300.0,3600.0,21600.0,2000000,exhausted,OPTIMAL,135773.72493900312,2197.795702934265,78133,18,true,true,,12,12060.497766971588,197.2757270336151,7.8821680545806885,216,converged,false,0,true
215,scenarios_12_n20_p16_s12_ms10_seed46,scenarios,12,parallel,cg_exact,20,16,12,46,10,12,300.0,3600.0,21600.0,2000000,exhausted,OPTIMAL,124838.73443683342,2413.6159489154816,77621,19,true,true,,12,9804.246216773987,292.869745016098,7.0151379108428955,228,converged,false,0,true
216,scenarios_12_n20_p16_s12_ms10_seed47,scenarios,12,parallel,cg_exact,20,16,12,47,10,12,300.0,3600.0,21600.0,2000000,exhausted,OPTIMAL,139827.8616270465,5132.885241031647,91176,36,true,true,,12,25693.287843465805,247.76192998886108,4.161689043045044,432,converged,false,0,
217,scenarios_12_n20_p16_s12_ms10_seed48,scenarios,12,parallel,cg_exact,20,16,12,48,10,12,300.0,3600.0,21600.0,2000000,exhausted,OPTIMAL,130039.41294505638,1614.1282889842987,49129,30,true,true,,12,8796.932700634003,157.65600490570068,2.554015874862671,360,converged,false,0,true
218,scenarios_12_n20_p16_s12_ms10_seed49,scenarios,12,parallel,cg_exact,20,16,12,49,10,12,300.0,3600.0,21600.0,2000000,exhausted,OPTIMAL,133436.4535000807,10295.106417179108,41239,40,true,true,,12,26938.895107269287,300.0020909309387,4.2630088329315186,480,converged,false,0,true
219,scenarios_12_n20_p16_s12_ms10_seed50,scenarios,12,parallel,cg_exact,20,16,12,50,10,12,300.0,3600.0,21600.0,2000000,exhausted,OPTIMAL,143211.67668521157,3565.4089119434357,49226,21,true,true,,12,16130.113906383514,287.16939878463745,4.90631103515625,252,converged,false,0,true
220,scenarios_12_n20_p16_s12_ms10_seed51,scenarios,12,parallel,cg_exact,20,16,12,51,10,12,300.0,3600.0,21600.0,2000000,exhausted,OPTIMAL,133899.26083335426,10983.419054031372,87758,34,true,true,,12,44535.205840826035,388.41261291503906,3.5856189727783203,432,converged,false,2,
